State,Month,Date,Month_Number,Domestic Tourists,Foreign Tourists,Total Tourists,Tourism Revenue (INR Crore),Revenue_Per_Tourist_INR,Domestic_Spend_Per_Person_Crore,Foreign_Spend_Per_Person_Crore,Est_Domestic_Revenue_Crore,Est_Foreign_Revenue_Crore,Domestic_Revenue_Percent,Foreign_Revenue_Percent,Dom_Rev+For_Rev,Annual_Avg_Revenue,Seasonality_Index,Seasonality_Ratio,Purpose of Visit,Growth % (Approx.),Quarter
Andaman & Nicobar Islands,January,01-01-25,1,2539148,68865,2608013,53.89,206.6324056,1.91E-05,7.66E-05,48.61589455,5.274105453,90.21320198,9.786798019,100,38.975,38.26812059,1.382681206,Adventure,6.38,1
Andaman & Nicobar Islands,February,01-02-25,2,4187930,44980,4232910,101.25,239.1971481,2.32E-05,9.27E-05,97.07932106,4.170678938,95.88081093,4.119189075,100,38.975,159.7819115,2.597819115,Business,6.33,1
Andaman & Nicobar Islands,March,01-03-25,3,149336,99155,248491,5.73,230.5918524,1.05E-05,4.20E-05,1.567333778,4.162666222,27.35312003,72.64687997,100,38.975,-85.29826812,0.147017319,Religious,-4.56,1
Andaman & Nicobar Islands,April,01-04-25,4,473311,19820,493131,4.92,99.77064918,8.90E-06,3.56E-05,4.214129655,0.705870345,85.65304176,14.34695824,100,38.975,-87.37652341,0.126234766,Medical,-1.42,2
Andaman & Nicobar Islands,May,01-05-25,5,2475117,35517,2510634,15.32,61.02044344,5.85E-06,2.34E-05,14.48838826,0.831611736,94.57172496,5.428275036,100,38.975,-60.69275176,0.393072482,Business,7.81,2
Andaman & Nicobar Islands,June,01-06-25,6,2512425,191802,2704227,57.36,212.1123707,1.75E-05,7.00E-05,43.94171482,13.41828518,76.60689473,23.39310527,100,38.975,47.17126363,1.471712636,Leisure,-1.45,2
Andaman & Nicobar Islands,July,01-07-25,7,4243773,42897,4286670,29.1,67.88486168,6.59E-06,2.64E-05,27.96912739,1.130872606,96.11383984,3.886160158,100,38.975,-25.33675433,0.746632457,Leisure,-3.04,3
Andaman & Nicobar Islands,August,01-08-25,8,3092177,165625,3257802,51.66,158.573173,1.38E-05,5.50E-05,42.54476852,9.115231483,82.35533975,17.64466025,100,38.975,32.54650417,1.325465042,Leisure,4.73,3
Andaman & Nicobar Islands,September,01-09-25,9,4162093,167741,4329834,62.61,144.6013866,1.30E-05,5.18E-05,53.91797422,8.69202578,86.11719249,13.88280751,100,38.975,60.64143682,1.606414368,Leisure,14.07,3
Andaman & Nicobar Islands,October,01-10-25,10,4060177,33775,4093952,24.32,59.40470235,5.80E-06,2.32E-05,23.53682597,0.783174031,96.77971204,3.220287957,100,38.975,-37.6010263,0.623989737,Adventure,6.78,4
Andaman & Nicobar Islands,November,01-11-25,11,4950452,173983,5124435,41.5,80.98453781,7.35E-06,2.94E-05,36.38501349,5.114986512,87.6747313,12.3252687,100,38.975,6.478511867,1.064785119,Adventure,4.11,4
Andaman & Nicobar Islands,December,01-12-25,12,1257156,39975,1297131,20.04,154.4948043,1.41E-05,5.66E-05,17.77869487,2.261305128,88.71604227,11.28395773,100,38.975,-48.58242463,0.514175754,Leisure,-4.34,4
Andhra Pradesh,January,01-01-25,1,4860784,66573,4927357,48.18,97.78061545,9.40E-06,3.76E-05,45.67760905,2.502390946,94.80616242,5.193837579,100,45.065,6.912237879,1.069122379,Adventure,3.84,1
Andhra Pradesh,February,01-02-25,2,251348,143187,394535,2.26,57.28262385,2.74E-06,1.10E-05,0.68929649,1.57070351,30.49984468,69.50015532,100,45.065,-94.98502164,0.050149784,Medical,0.84,1
Andhra Pradesh,March,01-03-25,3,1377738,17655,1395393,15.15,108.5715637,1.05E-05,4.18E-05,14.41130625,0.738693748,95.12413367,4.875866326,100,45.065,-66.38189282,0.336181072,Leisure,-4.33,1
Andhra Pradesh,April,01-04-25,4,3141951,51026,3192977,38.34,120.0760294,1.15E-05,4.58E-05,36.00132136,2.338678641,93.90016004,6.099839961,100,45.065,-14.92288916,0.850771108,Business,12.4,2
Andhra Pradesh,May,01-05-25,5,2712725,34575,2747300,52.79,192.152295,1.85E-05,7.41E-05,50.22921677,2.560783227,95.14911304,4.850886962,100,45.065,17.14190614,1.171419061,Medical,1.05,2
Andhra Pradesh,June,01-06-25,6,4873826,141577,5015403,115.93,231.1479257,2.13E-05,8.52E-05,103.861899,12.06810098,89.59018289,10.40981711,100,45.065,157.250638,2.57250638,Business,-1.64,2
Andhra Pradesh,July,01-07-25,7,3834833,51886,3886719,33.24,85.52200455,8.22E-06,3.29E-05,31.53338962,1.706610383,94.86579307,5.134206928,100,45.065,-26.23987574,0.737601243,Business,-3.46,3
Andhra Pradesh,August,01-08-25,8,4464576,92913,4557489,99.84,219.0679999,2.06E-05,8.26E-05,92.16754624,7.672453755,92.31525065,7.684749354,100,45.065,121.5466548,2.215466548,Adventure,4.71,3
Andhra Pradesh,September,01-09-25,9,1428113,28028,1456141,23.07,158.4324595,1.50E-05,5.99E-05,21.39074935,1.679250655,92.72106348,7.278936519,100,45.065,-48.80727838,0.511927216,Business,7.71,3
Andhra Pradesh,October,01-10-25,10,252909,116253,369162,6.22,168.4897145,8.66E-06,3.47E-05,2.191179782,4.028820218,35.22797077,64.77202923,100,45.065,-86.19771441,0.138022856,Business,3.54,4
Andhra Pradesh,November,01-11-25,11,3807603,178313,3985916,81.7,204.9717054,1.81E-05,7.23E-05,68.81025052,12.88974948,84.22307285,15.77692715,100,45.065,81.2936869,1.812936869,Business,7.81,4
Andhra Pradesh,December,01-12-25,12,2031850,9106,2040956,24.06,117.8859319,1.16E-05,4.65E-05,23.63628368,0.423716316,98.23891805,1.761081946,100,45.065,-46.61045157,0.533895484,Medical,12.85,4
Arunachal Pradesh,January,01-01-25,1,4952209,141398,5093607,67.77,133.0491339,1.23E-05,4.91E-05,60.82336132,6.946638677,89.7496847,10.2503153,100,39.03416667,73.61713029,1.736171303,Leisure,12.38,1
Arunachal Pradesh,February,01-02-25,2,803036,157791,960827,21.45,223.2451836,1.50E-05,5.98E-05,12.0102651,9.439734904,55.99191187,44.00808813,100,39.03416667,-45.04814159,0.549518584,Adventure,4.32,1
Arunachal Pradesh,March,01-03-25,3,708912,39871,748783,14.74,196.8527597,1.70E-05,6.79E-05,12.03294681,2.707053188,81.63464594,18.36535406,100,39.03416667,-62.23821012,0.377617899,Leisure,4.33,1
Arunachal Pradesh,April,01-04-25,4,250071,173937,424008,10.19,240.3256542,1.08E-05,4.31E-05,2.694197822,7.495802178,26.43962534,73.56037466,100,39.03416667,-73.89466493,0.261053351,Business,11.42,2
Arunachal Pradesh,May,01-05-25,5,4875217,87358,4962575,101.88,205.2966454,1.95E-05,7.80E-05,95.06611984,6.813880159,93.31185693,6.68814307,100,39.03416667,161.0021135,2.610021135,Business,-0.72,2
Arunachal Pradesh,June,01-06-25,6,2944227,8361,2952588,48.67,164.83844,1.63E-05,6.54E-05,48.12335818,0.546641815,98.87684032,1.123159677,100,39.03416667,24.68563865,1.246856386,Religious,8.36,2
Arunachal Pradesh,July,01-07-25,7,4522313,145775,4668088,40.16,86.03094029,7.87E-06,3.15E-05,35.57324159,4.586758407,88.57878883,11.42121117,100,39.03416667,2.884225358,1.028842254,Medical,-3.85,3
Arunachal Pradesh,August,01-08-25,8,160401,22967,183368,4.12,224.6847869,1.63E-05,6.53E-05,2.619632694,1.500367306,63.58331781,36.41668219,100,39.03416667,-89.44514421,0.105548558,Religious,-0.99,3
Arunachal Pradesh,September,01-09-25,9,2311493,16153,2327646,52.63,226.1082656,2.21E-05,8.86E-05,51.19886393,1.431136065,97.2807599,2.719240101,100,39.03416667,34.83059713,1.348305971,Business,0.63,3
Arunachal Pradesh,October,01-10-25,10,2811016,48105,2859121,45.91,160.5738267,1.53E-05,6.11E-05,42.96870137,2.941298633,93.59333776,6.406662236,100,39.03416667,17.61491001,1.1761491,Religious,4.87,4
Arunachal Pradesh,November,01-11-25,11,1463352,41394,1504746,31.83,211.5307168,1.95E-05,7.82E-05,28.59456904,3.235430958,89.83527817,10.16472183,100,39.03416667,-18.45605346,0.815439465,Medical,0.95,4
Arunachal Pradesh,December,01-12-25,12,1367940,82953,1450893,29.06,200.2904418,1.71E-05,6.84E-05,23.38713906,5.672860935,80.47879926,19.52120074,100,39.03416667,-25.55240067,0.744475993,Medical,-4.41,4
Assam,January,01-01-25,1,3593091,197765,3790856,68.05,179.5109073,1.55E-05,6.21E-05,55.77130955,12.27869045,81.95636966,18.04363034,100,47.115,44.43383211,1.444338321,Business,10.17,1
Assam,February,01-02-25,2,1124962,187390,1312352,14.99,114.2224037,8.00E-06,3.20E-05,8.99598958,5.99401042,60.01327272,39.98672728,100,47.115,-68.18423008,0.318157699,Religious,11.09,1
Assam,March,01-03-25,3,3700563,70542,3771105,28.27,74.96476497,7.10E-06,2.84E-05,26.26713077,2.002869227,92.9152132,7.084786796,100,47.115,-39.99787753,0.600021225,Medical,0.4,1
Assam,April,01-04-25,4,1225330,83237,1308567,31.87,243.5488592,2.05E-05,8.18E-05,25.06052649,6.809473509,78.63359426,21.36640574,100,47.115,-32.35699883,0.676430012,Leisure,11.06,2
Assam,May,01-05-25,5,2137579,136025,2273604,39.19,172.3695067,1.46E-05,5.85E-05,31.23853415,7.951465854,79.71047243,20.28952757,100,47.115,-16.82054547,0.831794545,Business,4.09,2
Assam,June,01-06-25,6,4126986,149111,4276097,100.3,234.5596931,2.12E-05,8.49E-05,87.63476876,12.66523124,87.37265081,12.62734919,100,47.115,112.8833705,2.128833705,Adventure,14.26,2
Assam,July,01-07-25,7,1671675,71593,1743268,21.34,122.4137654,1.09E-05,4.36E-05,18.21894188,3.121058116,85.37461052,14.62538948,100,47.115,-54.70656903,0.45293431,Medical,6.33,3
Assam,August,01-08-25,8,2024102,183562,2207664,36.96,167.4167808,1.34E-05,5.36E-05,27.1215799,9.838420099,73.380898,26.619102,100,47.115,-21.55364534,0.784463547,Adventure,-4.83,3
Assam,September,01-09-25,9,3157371,194452,3351823,26.22,78.22608771,6.66E-06,2.67E-05,21.0374846,5.182515398,80.23449505,19.76550495,100,47.115,-44.34893346,0.556510665,Business,12.66,3
Assam,October,01-10-25,10,4678222,71157,4749379,118.68,249.8853008,2.39E-05,9.57E-05,111.8734975,6.806502522,94.26482767,5.73517233,100,47.115,151.8943012,2.518943012,Leisure,3.55,4
Assam,November,01-11-25,11,757098,5877,762975,14.58,191.0940725,1.87E-05,7.47E-05,14.14092236,0.43907764,96.98849356,3.011506445,100,47.115,-69.05444126,0.309455587,Medical,10.97,4
Assam,December,01-12-25,12,4195416,63496,4258912,64.93,152.4567777,1.46E-05,5.84E-05,61.22361687,3.706383135,94.29172473,5.708275273,100,47.115,37.81173724,1.378117372,Adventure,-3.93,4
Bihar,January,01-01-25,1,4679021,79019,4758040,83,174.4415768,1.66E-05,6.65E-05,77.74798828,5.252011723,93.67227503,6.327724967,100,46.70833333,77.6984835,1.776984835,Religious,-4.07,1
Bihar,February,01-02-25,2,737689,65898,803587,11.74,146.0949468,1.17E-05,4.69E-05,8.649388993,3.090611007,73.67452294,26.32547706,100,46.70833333,-74.86529884,0.251347012,Adventure,2.4,1
Bihar,March,01-03-25,3,4633304,68559,4701863,54.06,114.9757022,1.10E-05,4.41E-05,51.03909785,3.020902155,94.4119457,5.5880543,100,46.70833333,15.73951829,1.157395183,Adventure,4.86,1
Bihar,April,01-04-25,4,1294143,184334,1478477,18.98,128.3753484,9.34E-06,3.74E-05,12.09110906,6.888890941,63.70447344,36.29552656,100,46.70833333,-59.36485281,0.406351472,Leisure,13.59,2
Bihar,May,01-05-25,5,932833,187830,1120663,21.3,190.0660591,1.26E-05,5.06E-05,11.79782532,9.502174684,55.38885125,44.61114875,100,46.70833333,-54.39785905,0.456021409,Business,4.32,2
Bihar,June,01-06-25,6,3124770,112211,3236981,63.84,197.2208054,1.79E-05,7.15E-05,55.82173027,8.018269729,87.44005368,12.55994632,100,46.70833333,36.6779661,1.366779661,Business,11.23,2
Bihar,July,01-07-25,7,3418432,96341,3514773,69.24,196.9970749,1.82E-05,7.28E-05,62.22526962,7.01473038,89.86896248,10.13103752,100,46.70833333,48.23907226,1.482390723,Business,13.32,3
Bihar,August,01-08-25,8,4671081,89013,4760094,101.55,213.3361232,2.02E-05,8.08E-05,94.35761408,7.192385919,92.91739447,7.082605533,100,46.70833333,117.4130241,2.174130241,Medical,3.34,3
Bihar,September,01-09-25,9,2934182,114309,3048491,66.98,219.7152624,1.97E-05,7.90E-05,57.94965715,9.030342848,86.51785182,13.48214818,100,46.70833333,43.40053524,1.434005352,Business,14.47,3
Bihar,October,01-10-25,10,4586102,94676,4680778,44.96,96.05240838,9.06E-06,3.62E-05,41.53055445,3.429445549,92.37222965,7.62777035,100,46.70833333,-3.74308653,0.962569135,Religious,-0.11,4
Bihar,November,01-11-25,11,1362558,77541,1440099,14.74,102.3540743,8.81E-06,3.52E-05,12.0068397,2.733160298,81.45752851,18.54247149,100,46.70833333,-68.44246209,0.315575379,Religious,-2.54,4
Bihar,December,01-12-25,12,779058,26654,805712,10.11,125.4790794,1.14E-05,4.57E-05,8.892974593,1.217025407,87.96216215,12.03783785,100,46.70833333,-78.35504014,0.216449599,Religious,-4.24,4
Chandigarh,January,01-01-25,1,3753468,174532,3928000,96.12,244.7046843,2.16E-05,8.64E-05,81.04584157,15.07415843,84.31735494,15.68264506,100,47.32,103.1276416,2.031276416,Religious,-3.63,1
Chandigarh,February,01-02-25,2,1564507,185991,1750498,29.61,169.1518642,1.28E-05,5.13E-05,20.0674179,9.542582099,67.77243465,32.22756535,100,47.32,-37.4260355,0.625739645,Business,-4.62,1
Chandigarh,March,01-03-25,3,4066454,52591,4119045,67.58,164.0671563,1.58E-05,6.32E-05,64.25594012,3.324059878,95.08129642,4.918703578,100,47.32,42.81487743,1.428148774,Medical,6.79,1
Chandigarh,April,01-04-25,4,4463830,83077,4546907,67.54,148.5405354,1.41E-05,5.63E-05,62.86038438,4.679615624,93.07134198,6.928658016,100,47.32,42.73034658,1.427303466,Adventure,14.55,2
Chandigarh,May,01-05-25,5,907686,103291,1010977,13.06,129.1819695,9.89E-06,3.96E-05,8.974811038,4.085188962,68.7198395,31.2801605,100,47.32,-72.40067625,0.275993238,Business,4.42,2
Chandigarh,June,01-06-25,6,4159261,174239,4333500,41.47,95.69631937,8.54E-06,3.42E-05,35.51829617,5.95170383,85.64817017,14.35182983,100,47.32,-12.36263736,0.876373626,Religious,5.49,2
Chandigarh,July,01-07-25,7,1275439,131079,1406518,24.15,171.700611,1.34E-05,5.37E-05,17.11446939,7.035530614,70.86736806,29.13263194,100,47.32,-48.96449704,0.51035503,Leisure,0.58,3
Chandigarh,August,01-08-25,8,360369,82373,442742,9.59,216.6047043,1.39E-05,5.56E-05,5.00961601,4.58038399,52.23791459,47.76208541,100,47.32,-79.73372781,0.202662722,Adventure,1.35,3
Chandigarh,September,01-09-25,9,4010638,146906,4157544,68.17,163.9669959,1.48E-05,5.93E-05,59.45837633,8.71162367,87.22073688,12.77926312,100,47.32,44.06170752,1.440617075,Business,-1.37,3
Chandigarh,October,01-10-25,10,4656927,80076,4737003,106,223.7701771,2.13E-05,8.52E-05,99.17849141,6.821508586,93.56461454,6.435385458,100,47.32,124.0067625,2.240067625,Leisure,3.07,4
Chandigarh,November,01-11-25,11,1179593,113642,1293235,25.56,197.643893,1.56E-05,6.26E-05,18.45007749,7.109922511,72.18340176,27.81659824,100,47.32,-45.98478445,0.540152156,Business,13.85,4
Chandigarh,December,01-12-25,12,3653916,37750,3691666,18.99,51.44018988,4.99E-06,2.00E-05,18.23637232,0.753627675,96.03144984,3.96855016,100,47.32,-59.86897718,0.401310228,Leisure,-3.99,4
Chhattisgarh,January,01-01-25,1,3790213,113374,3903587,32.73,83.84596014,7.71E-06,3.09E-05,29.23236996,3.49763004,89.31368763,10.68631237,100,34,-3.735294118,0.962647059,Adventure,3.44,1
Chhattisgarh,February,01-02-25,2,1669814,54563,1724377,11.69,67.79259988,6.19E-06,2.48E-05,10.33868819,1.351311808,88.44044647,11.55955353,100,34,-65.61764706,0.343823529,Business,-2.32,1
Chhattisgarh,March,01-03-25,3,2202360,134305,2336665,27.39,117.2183432,1.00E-05,4.00E-05,22.01893736,5.371062645,80.39042481,19.60957519,100,34,-19.44117647,0.805588235,Leisure,13.56,1
Chhattisgarh,April,01-04-25,4,922917,132463,1055380,20.62,195.3798632,1.42E-05,5.68E-05,13.09950071,7.520499295,63.52813145,36.47186855,100,34,-39.35294118,0.606470588,Medical,8.77,2
Chhattisgarh,May,01-05-25,5,2634151,183852,2818003,41.51,147.302895,1.23E-05,4.93E-05,32.45042096,9.059579037,78.17494812,21.82505188,100,34,22.08823529,1.220882353,Medical,14.89,2
Chhattisgarh,June,01-06-25,6,2265770,94052,2359822,25.99,110.1354255,9.84E-06,3.93E-05,22.2891191,3.700880901,85.76036591,14.23963409,100,34,-23.55882353,0.764411765,Adventure,10.2,2
Chhattisgarh,July,01-07-25,7,4487952,145546,4633498,109.52,236.3657004,2.16E-05,8.64E-05,96.9442443,12.5757557,88.51738888,11.48261112,100,34,222.1176471,3.221176471,Adventure,3.64,3
Chhattisgarh,August,01-08-25,8,2949565,118343,3067908,20.63,67.24451972,6.03E-06,2.41E-05,17.77699267,2.853007333,86.17058976,13.82941024,100,34,-39.32352941,0.606764706,Religious,10.09,3
Chhattisgarh,September,01-09-25,9,2207570,97266,2304836,27.29,118.4032183,1.05E-05,4.20E-05,23.20103076,4.088969242,85.01660226,14.98339774,100,34,-19.73529412,0.802647059,Leisure,10.52,3
Chhattisgarh,October,01-10-25,10,2392705,105884,2498589,15.75,63.03557728,5.59E-06,2.24E-05,13.38134902,2.368650978,84.96094617,15.03905383,100,34,-53.67647059,0.463235294,Religious,0.22,4
Chhattisgarh,November,01-11-25,11,4634597,9691,4644288,57.67,124.1740392,1.23E-05,4.94E-05,57.19164622,0.478353776,99.17053273,0.829467272,100,34,69.61764706,1.696176471,Adventure,5.71,4
Chhattisgarh,December,01-12-25,12,1954299,16539,1970838,17.21,87.32326046,8.52E-06,3.41E-05,16.64649091,0.563509091,96.72568803,3.274311974,100,34,-49.38235294,0.506176471,Adventure,-0.03,4
Daman & Diu,January,01-01-25,1,2585113,121844,2706957,32.42,119.7654784,1.06E-05,4.22E-05,27.27735183,5.142648166,84.13742083,15.86257917,100,37.48083333,-13.50245681,0.864975432,Medical,11.03,1
Daman & Diu,February,01-02-25,2,4823773,121263,4945036,27.19,54.98443287,5.12E-06,2.05E-05,24.70572827,2.484271732,90.86328896,9.136711042,100,37.48083333,-27.45625542,0.725437446,Business,-4.21,1
Daman & Diu,March,01-03-25,3,3491891,111057,3602948,76.62,212.6591891,1.95E-05,7.79E-05,67.97271333,8.64728667,88.71406073,11.28593927,100,37.48083333,104.4244836,2.044244836,Adventure,0.87,1
Daman & Diu,April,01-04-25,4,901991,37619,939610,11.57,123.1361948,1.10E-05,4.40E-05,9.915784409,1.654215591,85.70254459,14.29745541,100,37.48083333,-69.13088912,0.308691109,Medical,-3.01,2
Daman & Diu,May,01-05-25,5,3394939,180280,3575219,30.29,84.72208276,7.36E-06,2.94E-05,24.98329162,5.306708383,82.48032888,17.51967112,100,37.48083333,-19.18536141,0.808146386,Medical,8.75,2
Daman & Diu,June,01-06-25,6,3625433,193461,3818894,26.66,69.81078815,6.06E-06,2.42E-05,21.97043827,4.689561726,82.40974597,17.59025403,100,37.48083333,-28.87031149,0.711296885,Religious,13.02,2
Daman & Diu,July,01-07-25,7,1506117,118791,1624908,34.55,212.6274226,1.74E-05,6.98E-05,26.26398898,8.28601102,76.01733424,23.98266576,100,37.48083333,-7.819552216,0.921804478,Business,11.83,3
Daman & Diu,August,01-08-25,8,2677221,57757,2734978,33.51,122.5238375,1.15E-05,4.61E-05,30.84800363,2.66199637,92.05611349,7.94388651,100,37.48083333,-10.59430376,0.894056962,Religious,9.88,3
Daman & Diu,September,01-09-25,9,3454925,104057,3558982,26.04,73.16698989,6.73E-06,2.69E-05,23.24016824,2.799831761,89.24795791,10.75204209,100,37.48083333,-30.5244903,0.694755097,Medical,6.99,3
Daman & Diu,October,01-10-25,10,1898964,106786,2005750,48.23,240.4586813,2.07E-05,8.29E-05,39.37350876,8.856491238,81.63696613,18.36303387,100,37.48083333,28.67910265,1.286791027,Adventure,12.88,4
Daman & Diu,November,01-11-25,11,3104142,123956,3228098,33.78,104.6436632,9.38E-06,3.75E-05,29.12747419,4.652525807,86.22698103,13.77301897,100,37.48083333,-9.873935567,0.901260644,Business,-0.36,4
Daman & Diu,December,01-12-25,12,3347331,156396,3503727,68.91,196.6762821,1.73E-05,6.94E-05,58.05927869,10.85072131,84.2537784,15.7462216,100,37.48083333,83.85396981,1.838539698,Religious,-4.2,4
Delhi,January,01-01-25,1,3035642,71873,3107515,69.84,224.745496,2.10E-05,8.41E-05,63.79798024,6.042019756,91.34876896,8.651231037,100,50.53833333,38.19213139,1.381921314,Religious,-4.47,1
Delhi,February,01-02-25,2,2561175,147583,2708758,47.07,173.769676,1.49E-05,5.97E-05,38.25297144,8.817028564,81.26826309,18.73173691,100,50.53833333,-6.86277743,0.931372226,Leisure,8.05,1
Delhi,March,01-03-25,3,2791919,14374,2806293,32.09,114.3501409,1.13E-05,4.50E-05,31.4424823,0.647517697,97.98218231,2.017817692,100,50.53833333,-36.5036441,0.634963559,Leisure,13.59,1
Delhi,April,01-04-25,4,4663163,77883,4741046,31.69,66.84178977,6.37E-06,2.55E-05,29.70546646,1.98453354,93.73766633,6.262333671,100,50.53833333,-37.29512251,0.627048775,Adventure,13.29,2
Delhi,May,01-05-25,5,984201,139369,1123570,9.72,86.50996378,6.30E-06,2.52E-05,6.205212713,3.514787287,63.83963697,36.16036303,100,50.53833333,-80.7670745,0.192329255,Medical,6.98,2
Delhi,June,01-06-25,6,4342936,35407,4378343,73.05,166.8439407,1.63E-05,6.52E-05,70.74299192,2.307008084,96.84187805,3.158121949,100,50.53833333,44.54374567,1.445437457,Leisure,12.59,2
Delhi,July,01-07-25,7,3584152,37412,3621564,49.11,135.6043963,1.32E-05,5.26E-05,47.14170677,1.968293235,95.99207242,4.00792758,100,50.53833333,-2.826237509,0.971737625,Religious,4.06,3
Delhi,August,01-08-25,8,3369751,42942,3412693,20.43,59.86474611,5.77E-06,2.31E-05,19.43912003,0.99087997,95.14987778,4.850122222,100,50.53833333,-59.57523992,0.404247601,Adventure,1.26,3
Delhi,September,01-09-25,9,4118306,170899,4289205,48.87,113.9371982,1.02E-05,4.07E-05,41.91289498,6.957105022,85.76405766,14.23594234,100,50.53833333,-3.301124559,0.966988754,Adventure,0.57,3
Delhi,October,01-10-25,10,4129119,163723,4292842,105.44,245.6181709,2.20E-05,8.82E-05,91.0061259,14.4338741,86.31081743,13.68918257,100,50.53833333,108.6337104,2.086337104,Business,2.13,4
Delhi,November,01-11-25,11,4862750,183891,5046641,92.64,183.5676443,1.65E-05,6.62E-05,80.46800519,12.17199481,86.86097279,13.13902721,100,50.53833333,83.30640108,1.833064011,Business,5,4
Delhi,December,01-12-25,12,3189993,139306,3329299,26.51,79.6263718,7.07E-06,2.83E-05,22.56787222,3.942127782,85.12965756,14.87034244,100,50.53833333,-47.544768,0.52455232,Business,9.76,4
Goa,January,01-01-25,1,3281237,101135,3382372,60.65,179.3120331,1.65E-05,6.58E-05,53.99323509,6.65676491,89.02429528,10.97570472,100,39.23083333,54.5977866,1.545977866,Religious,3.58,1
Goa,February,01-02-25,2,216055,174789,390844,9.76,249.7159992,1.07E-05,4.27E-05,2.304055349,7.455944651,23.60712448,76.39287552,100,39.23083333,-75.12160928,0.248783907,Adventure,-0.56,1
Goa,March,01-03-25,3,674140,104064,778204,16.14,207.4006302,1.48E-05,5.92E-05,9.978594566,6.161405434,61.82524514,38.17475486,100,39.23083333,-58.85889075,0.411411092,Medical,-2.04,1
Goa,April,01-04-25,4,4066978,176778,4243756,72.35,170.4857678,1.52E-05,6.06E-05,61.63391522,10.71608478,85.18854902,14.81145098,100,39.23083333,84.42126729,1.844212673,Business,1.68,2
Goa,May,01-05-25,5,4188311,80768,4269079,49.22,115.2941887,1.09E-05,4.36E-05,45.69522637,3.524773632,92.83873703,7.161262965,100,39.23083333,25.46254009,1.254625401,Leisure,2.05,2
Goa,June,01-06-25,6,1832953,74267,1907220,41.48,217.48933,1.95E-05,7.79E-05,35.69490181,5.785098194,86.05328304,13.94671696,100,39.23083333,5.733160567,1.057331606,Leisure,12.52,2
Goa,July,01-07-25,7,3204121,83543,3287664,61.66,187.5495793,1.74E-05,6.97E-05,55.83655759,5.823442411,90.55555885,9.444441147,100,39.23083333,57.1722922,1.571722922,Leisure,2.39,3
Goa,August,01-08-25,8,4025272,84967,4110239,28.24,68.70646695,6.47E-06,2.59E-05,26.04124525,2.198754752,92.21404124,7.785958755,100,39.23083333,-28.0158039,0.719841961,Adventure,-1.95,3
Goa,September,01-09-25,9,934218,168268,1102486,15.93,144.4916307,9.91E-06,3.96E-05,9.259121092,6.670878908,58.12379844,41.87620156,100,39.23083333,-59.394184,0.40605816,Business,8.8,3
Goa,October,01-10-25,10,984517,73372,1057889,18.83,177.9959901,1.47E-05,5.89E-05,14.50577667,4.324223332,77.03545761,22.96454239,100,39.23083333,-52.00203921,0.479979608,Business,4.43,4
Goa,November,01-11-25,11,3090048,80481,3170529,49.76,156.9454183,1.46E-05,5.83E-05,45.06507922,4.694920779,90.56486982,9.435130183,100,39.23083333,26.83900843,1.268390084,Religious,10.33,4
Goa,December,01-12-25,12,2200520,63592,2264112,46.75,206.4827182,1.90E-05,7.62E-05,41.90590772,4.844092276,89.63830529,10.36169471,100,39.23083333,19.16647195,1.19166472,Adventure,-0.91,4
Gujarat,January,01-01-25,1,738767,169623,908390,13,143.1103381,9.17E-06,3.67E-05,6.776440298,6.223559702,52.12646383,47.87353617,100,33.905,-61.65757263,0.383424274,Business,0.19,1
Gujarat,February,01-02-25,2,472702,56393,529095,11.66,220.3763029,1.67E-05,6.68E-05,7.893327433,3.766672567,67.69577558,32.30422442,100,33.905,-65.60979207,0.343902079,Religious,0.31,1
Gujarat,March,01-03-25,3,2557294,67148,2624442,48.94,186.4777351,1.73E-05,6.93E-05,44.28839959,4.651600411,90.49529953,9.504700473,100,33.905,44.34449196,1.44344492,Medical,8.56,1
Gujarat,April,01-04-25,4,3683440,12793,3696233,37.76,102.158062,1.01E-05,4.04E-05,37.24260898,0.517391022,98.62979073,1.370209275,100,33.905,11.37000442,1.113700044,Medical,9.21,2
Gujarat,May,01-05-25,5,4936077,59558,4995635,29.59,59.23170928,5.72E-06,2.29E-05,28.22763744,1.362362565,95.39586832,4.604131682,100,33.905,-12.72673647,0.872732635,Leisure,7.29,2
Gujarat,June,01-06-25,6,3548201,103560,3651761,31.91,87.38249847,8.05E-06,3.22E-05,28.57407692,3.335923084,89.54583803,10.45416197,100,33.905,-5.884087893,0.941159121,Business,4.57,2
Gujarat,July,01-07-25,7,1548931,66225,1615156,29.67,183.6974261,1.64E-05,6.54E-05,25.33686036,4.333139636,85.39555229,14.60444771,100,33.905,-12.49078307,0.875092169,Leisure,8.55,3
Gujarat,August,01-08-25,8,2498014,161246,2659260,47.98,180.4261336,1.53E-05,6.11E-05,38.133881,9.846118998,79.47870155,20.52129845,100,33.905,41.51305117,1.415130512,Leisure,14.13,3
Gujarat,September,01-09-25,9,3434492,34301,3468793,45.26,130.4776618,1.27E-05,5.07E-05,43.52137134,1.738628663,96.15857565,3.841424354,100,33.905,33.4906356,1.334906356,Religious,-1.19,3
Gujarat,October,01-10-25,10,4404068,46134,4450202,40.58,91.18687197,8.84E-06,3.54E-05,38.94802852,1.631971484,95.97838471,4.021615289,100,33.905,19.68736175,1.196873617,Adventure,5.35,4
Gujarat,November,01-11-25,11,2961880,44695,3006575,68.38,227.4348719,2.18E-05,8.71E-05,64.48751358,3.89248642,94.30756593,5.692434074,100,33.905,101.681168,2.01681168,Leisure,11.68,4
Gujarat,December,01-12-25,12,256359,127998,384357,2.13,55.41722929,2.77E-06,1.11E-05,0.710670865,1.419329135,33.36482936,66.63517064,100,33.905,-93.71774075,0.062822593,Medical,-4.59,4
Haryana,January,01-01-25,1,2999923,94719,3094642,33.13,107.056002,9.81E-06,3.92E-05,29.41502261,3.714977387,88.7866665,11.2133335,100,52.7375,-37.1794264,0.628205736,Religious,-0.16,1
Haryana,February,01-02-25,2,1993971,182357,2176328,36.42,167.3460986,1.34E-05,5.35E-05,26.66536333,9.754636673,73.21626394,26.78373606,100,52.7375,-30.94098128,0.690590187,Adventure,-1.83,1
Haryana,March,01-03-25,3,754110,40505,794615,7.13,89.72898825,7.78E-06,3.11E-05,5.869040747,1.260959253,82.31473699,17.68526301,100,52.7375,-86.48020858,0.135197914,Business,8.35,1
Haryana,April,01-04-25,4,3231687,96708,3328395,36.75,110.4135777,1.02E-05,4.06E-05,32.82129989,3.928700112,89.30965956,10.69034044,100,52.7375,-30.31524058,0.696847594,Religious,-4.5,2
Haryana,May,01-05-25,5,2521789,20055,2541844,63.21,248.6777316,2.43E-05,9.72E-05,61.26123418,1.948765819,96.9169976,3.083002403,100,52.7375,19.85778621,1.198577862,Leisure,8.36,2
Haryana,June,01-06-25,6,2893121,177516,3070637,40.85,133.0342857,1.13E-05,4.53E-05,32.79986813,8.050131869,80.29343484,19.70656516,100,52.7375,-22.54088647,0.774591135,Leisure,1.06,2
Haryana,July,01-07-25,7,3507310,6447,3513757,71.54,203.5997367,2.02E-05,8.10E-05,71.01783121,0.522168794,99.27010233,0.729897671,100,52.7375,35.65299834,1.356529983,Medical,-2.17,3
Haryana,August,01-08-25,8,4151377,61015,4212392,99.39,235.946702,2.26E-05,9.04E-05,93.87129426,5.51870574,94.44742354,5.552576456,100,52.7375,88.46172079,1.884617208,Business,6.9,3
Haryana,September,01-09-25,9,3769384,25282,3794666,93.74,247.030964,2.42E-05,9.69E-05,91.29077914,2.449220858,97.38721906,2.612780945,100,52.7375,77.74828158,1.777482816,Medical,10.17,3
Haryana,October,01-10-25,10,1215402,198977,1414379,16.87,119.274961,8.39E-06,3.36E-05,10.19426729,6.675732712,60.42837753,39.57162247,100,52.7375,-68.0113771,0.319886229,Religious,2.09,4
Haryana,November,01-11-25,11,2408803,75054,2483857,42.29,170.259399,1.56E-05,6.24E-05,37.60338295,4.686617052,88.91790718,11.08209282,100,52.7375,-19.81038161,0.801896184,Religious,5.78,4
Haryana,December,01-12-25,12,3694737,84246,3778983,91.53,242.2080226,2.27E-05,9.08E-05,83.87963294,7.650367057,91.64168354,8.358316461,100,52.7375,73.5577151,1.735577151,Religious,12.9,4
Himachal Pradesh,January,01-01-25,1,96657,20375,117032,2.79,238.396336,1.57E-05,6.26E-05,1.513681921,1.276318079,54.25383229,45.74616771,100,34.22666667,-91.84846124,0.081515388,Medical,10.34,1
Himachal Pradesh,February,01-02-25,2,1172772,159794,1332566,21.47,161.1177232,1.18E-05,4.74E-05,13.8963231,7.573676905,64.72437399,35.27562601,100,34.22666667,-37.27113362,0.627288664,Business,-0.74,1
Himachal Pradesh,March,01-03-25,3,3972159,28548,4000707,40.2,100.4822398,9.84E-06,3.94E-05,39.07662161,1.123378388,97.2055264,2.794473602,100,34.22666667,17.45227892,1.174522789,Medical,12.1,1
Himachal Pradesh,April,01-04-25,4,2026140,13726,2039866,47.65,233.5937753,2.29E-05,9.16E-05,46.39285426,1.25714574,97.36170883,2.638291165,100,34.22666667,39.21893261,1.392189326,Leisure,9.92,2
Himachal Pradesh,May,01-05-25,5,2112719,182676,2295395,12.4,54.02120332,4.36E-06,1.74E-05,9.213442952,3.186557048,74.30195929,25.69804071,100,34.22666667,-63.77093884,0.362290612,Business,13.95,2
Himachal Pradesh,June,01-06-25,6,1858727,158096,2016823,28.36,140.6171984,1.14E-05,4.55E-05,21.16063785,7.199362148,74.61437889,25.38562111,100,34.22666667,-17.14063109,0.828593689,Medical,-3.1,2
Himachal Pradesh,July,01-07-25,7,1186345,53157,1239502,23.71,191.2865005,1.69E-05,6.78E-05,20.10634941,3.603650592,84.80113626,15.19886374,100,34.22666667,-30.72652902,0.69273471,Religious,-3.92,3
Himachal Pradesh,August,01-08-25,8,1622806,174314,1797120,34.21,190.3601318,1.47E-05,5.90E-05,23.92875417,10.28124583,69.94666522,30.05333478,100,34.22666667,-0.048694975,0.99951305,Leisure,-4.5,3
Himachal Pradesh,September,01-09-25,9,4412857,33894,4446751,88.54,199.111666,1.95E-05,7.79E-05,85.90087153,2.639128473,97.01928115,2.980718854,100,34.22666667,158.6871835,2.586871835,Business,5.55,3
Himachal Pradesh,October,01-10-25,10,2967184,33192,3000376,48.78,162.5796234,1.57E-05,6.29E-05,46.69079893,2.089201072,95.71709497,4.282905026,100,34.22666667,42.52045189,1.425204519,Business,1.18,4
Himachal Pradesh,November,01-11-25,11,3428907,17524,3446431,41.54,120.530485,1.19E-05,4.75E-05,40.70782357,0.832176434,97.99668648,2.003313515,100,34.22666667,21.36735489,1.213673549,Religious,5.17,4
Himachal Pradesh,December,01-12-25,12,1243705,30599,1274304,21.07,165.345161,1.54E-05,6.17E-05,19.18223056,1.88776944,91.04048676,8.959513242,100,34.22666667,-38.43981301,0.61560187,Business,2.48,4
Jammu & Kashmir,January,01-01-25,1,2255133,5445,2260578,44.98,198.9756602,1.98E-05,7.90E-05,44.54974008,0.430259918,99.04344171,0.956558287,100,33.62833333,33.75625712,1.337562571,Adventure,2.8,1
Jammu & Kashmir,February,01-02-25,2,1181059,21042,1202101,11.24,93.50295857,8.88E-06,3.55E-05,10.49226989,0.747730107,93.34759691,6.652403087,100,33.62833333,-66.57580413,0.334241959,Leisure,-4.43,1
Jammu & Kashmir,March,01-03-25,3,3973205,112627,4085832,55.13,134.9296789,1.25E-05,4.98E-05,49.51559734,5.614402661,89.81606628,10.18393372,100,33.62833333,63.93913862,1.639391386,Leisure,8.56,1
Jammu & Kashmir,April,01-04-25,4,3326189,42185,3368374,21.9,65.0165332,6.27E-06,2.51E-05,20.84263775,1.057362253,95.17186186,4.82813814,100,33.62833333,-34.87634435,0.651236556,Medical,7.97,2
Jammu & Kashmir,May,01-05-25,5,2956789,139044,3095833,73.66,237.9327309,2.10E-05,8.39E-05,61.9980779,11.6619221,84.16790375,15.83209625,100,33.62833333,119.0414829,2.190414829,Adventure,9.97,2
Jammu & Kashmir,June,01-06-25,6,2933485,126833,3060318,44.51,145.4424017,1.29E-05,5.17E-05,37.94721351,6.562786489,85.25547857,14.74452143,100,33.62833333,32.35862616,1.323586262,Leisure,2.07,2
Jammu & Kashmir,July,01-07-25,7,243208,73940,317148,2.73,86.07968519,5.07E-06,2.03E-05,1.231905865,1.498094135,45.12475694,54.87524306,100,33.62833333,-91.88184567,0.081181543,Business,11.61,3
Jammu & Kashmir,August,01-08-25,8,360555,195725,556280,11.53,207.2697203,1.01E-05,4.03E-05,3.635647358,7.894352642,31.53206729,68.46793271,100,33.62833333,-65.71343609,0.342865639,Leisure,11.71,3
Jammu & Kashmir,September,01-09-25,9,3940246,113164,4053410,60.64,149.6024335,1.38E-05,5.52E-05,54.39149734,6.248502662,89.69574099,10.30425901,100,33.62833333,80.32413144,1.803241314,Religious,0.97,3
Jammu & Kashmir,October,01-10-25,10,995581,170477,1166058,16.6,142.3599855,9.90E-06,3.96E-05,9.852013694,6.747986306,59.34948009,40.65051991,100,33.62833333,-50.63686376,0.493631362,Adventure,12.96,4
Jammu & Kashmir,November,01-11-25,11,2499422,99077,2598499,30.66,117.9911941,1.06E-05,4.24E-05,26.46388942,4.196110577,86.31405552,13.68594448,100,33.62833333,-8.826882093,0.911731179,Religious,5.46,4
Jammu & Kashmir,December,01-12-25,12,3079453,119070,3198523,29.96,93.66823374,8.43E-06,3.37E-05,25.94694593,4.013054074,86.60529348,13.39470652,100,33.62833333,-10.90846013,0.890915399,Business,-4.67,4
Jharkhand,January,01-01-25,1,1453778,123706,1577484,25.01,158.5436049,1.28E-05,5.13E-05,18.65901184,6.350988165,74.60620486,25.39379514,100,32.14416667,-22.19428097,0.77805719,Business,12.61,1
Jharkhand,February,01-02-25,2,1140764,133663,1274427,20.58,161.4843377,1.23E-05,4.91E-05,14.01259336,6.567406638,68.08840312,31.91159688,100,32.14416667,-35.97594172,0.640240583,Religious,0.56,1
Jharkhand,March,01-03-25,3,1947125,151431,2098556,33.47,159.4906212,1.31E-05,5.24E-05,25.52844831,7.941551686,76.27262717,23.72737283,100,32.14416667,4.124646774,1.041246468,Religious,6.14,1
Jharkhand,April,01-04-25,4,2035357,153700,2189057,34.27,156.5514283,1.29E-05,5.17E-05,26.31983101,7.95016899,76.80137441,23.19862559,100,32.14416667,6.613434267,1.066134343,Leisure,11.32,2
Jharkhand,May,01-05-25,5,1498514,67310,1565824,37.7,240.7678002,2.13E-05,8.53E-05,31.95805401,5.741945995,84.76937402,15.23062598,100,32.14416667,17.28411065,1.172841106,Business,11.02,2
Jharkhand,June,01-06-25,6,1421691,149723,1571414,17.16,109.2010126,8.49E-06,3.40E-05,12.07385075,5.086149255,70.36043558,29.63956442,100,32.14416667,-46.61550826,0.533844917,Leisure,6.48,2
Jharkhand,July,01-07-25,7,879747,63566,943313,10.69,113.3239974,9.43E-06,3.77E-05,8.293125402,2.396874598,77.57834801,22.42165199,100,32.14416667,-66.74357711,0.332564229,Leisure,4.54,3
Jharkhand,August,01-08-25,8,4785625,42005,4827630,33.23,68.83294702,6.71E-06,2.68E-05,32.10288964,1.12711036,96.6081542,3.391845802,100,32.14416667,3.378010525,1.033780105,Leisure,7.22,3
Jharkhand,September,01-09-25,9,1669430,101852,1771282,33.57,189.5237461,1.62E-05,6.47E-05,26.98465894,6.585341062,80.3832557,19.6167443,100,32.14416667,4.43574521,1.044357452,Business,-3.5,3
Jharkhand,October,01-10-25,10,1614822,175799,1790621,42.67,238.2972164,1.84E-05,7.36E-05,29.72559089,12.94440911,69.66391115,30.33608885,100,32.14416667,32.74570295,1.32745703,Medical,12.02,4
Jharkhand,November,01-11-25,11,4575703,89415,4665118,67.79,145.3125087,1.37E-05,5.50E-05,62.87534616,4.914653838,92.75017873,7.249821268,100,32.14416667,110.8936303,2.108936303,Medical,-1,4
Jharkhand,December,01-12-25,12,3376993,93000,3469993,29.59,85.27394724,7.89E-06,3.16E-05,26.65388355,2.936116445,90.07733543,9.922664566,100,32.14416667,-7.945972571,0.920540274,Medical,0.57,4
Karnataka,January,01-01-25,1,4226642,115327,4341969,37.81,87.0803085,8.07E-06,3.23E-05,34.08938534,3.720614657,90.15970733,9.840292665,100,37.535,0.732649527,1.007326495,Adventure,-4.24,1
Karnataka,February,01-02-25,2,422861,95475,518336,3.46,66.75206816,4.30E-06,1.72E-05,1.81805413,1.64194587,52.54491706,47.45508294,100,37.535,-90.78193686,0.092180631,Religious,4.74,1
Karnataka,March,01-03-25,3,3684212,129700,3813912,63.39,166.2072958,1.51E-05,6.03E-05,55.56543704,7.824562956,87.65647112,12.34352888,100,37.535,68.88237645,1.688823764,Religious,7.42,1
Karnataka,April,01-04-25,4,1078860,115410,1194270,8.14,68.15879156,5.28E-06,2.11E-05,5.700694839,2.439305161,70.03310613,29.96689387,100,37.535,-78.313574,0.21686426,Religious,-1.33,2
Karnataka,May,01-05-25,5,3753319,127490,3880809,48.53,125.0512458,1.14E-05,4.55E-05,42.72499432,5.805005678,88.03831511,11.96168489,100,37.535,29.29266018,1.292926602,Leisure,6.92,2
Karnataka,June,01-06-25,6,691711,104277,795988,11.92,149.7510013,1.08E-05,4.30E-05,7.436015364,4.483984636,62.38267923,37.61732077,100,37.535,-68.24297322,0.317570268,Adventure,2.6,2
Karnataka,July,01-07-25,7,528654,133888,662542,13.85,209.0433512,1.30E-05,5.21E-05,6.880113343,6.969886657,49.67590861,50.32409139,100,37.535,-63.10110563,0.368988944,Medical,-0.98,3
Karnataka,August,01-08-25,8,4093228,139896,4233124,97.18,229.5704071,2.09E-05,8.35E-05,85.49236398,11.68763602,87.97320846,12.02679154,100,37.535,158.905022,2.58905022,Religious,4.83,3
Karnataka,September,01-09-25,9,2855675,124282,2979957,72.46,243.1578711,2.16E-05,8.64E-05,61.71618508,10.74381492,85.1727644,14.8272356,100,37.535,93.04648994,1.930464899,Religious,-2.65,3
Karnataka,October,01-10-25,10,2715844,102650,2818494,68.78,244.0310322,2.20E-05,8.80E-05,59.74703219,9.032967806,86.86686856,13.13313144,100,37.535,83.24230718,1.832423072,Religious,3.96,4
Karnataka,November,01-11-25,11,897483,17878,915361,15.57,170.0968252,1.61E-05,6.43E-05,14.42093128,1.149068716,92.61998256,7.380017441,100,37.535,-58.51871587,0.414812841,Religious,10.53,4
Karnataka,December,01-12-25,12,570707,126669,697376,9.33,133.7872253,8.66E-06,3.46E-05,4.942250165,4.387749835,52.97159877,47.02840123,100,37.535,-75.14319968,0.248568003,Medical,3.06,4
Kerala,January,01-01-25,1,2301105,13201,2314306,16.73,72.28948981,7.11E-06,2.84E-05,16.35470473,0.375295273,97.7567527,2.243247296,100,33.18333333,-49.58312406,0.504168759,Business,-4.07,1
Kerala,February,01-02-25,2,83443,16945,100388,0.82,81.68306969,5.42E-06,2.17E-05,0.452465961,0.367534039,55.17877572,44.82122428,100,33.18333333,-97.52887996,0.0247112,Leisure,4.66,1
Kerala,March,01-03-25,3,1290729,170597,1461326,13.09,89.57617944,6.63E-06,2.65E-05,8.562919791,4.527080209,65.41573561,34.58426439,100,33.18333333,-60.55248619,0.394475138,Religious,-0.71,1
Kerala,April,01-04-25,4,3979850,90171,4070021,101.74,249.9741402,2.34E-05,9.38E-05,93.28574295,8.454257048,91.69033119,8.30966881,100,33.18333333,206.5996986,3.065996986,Business,9.75,2
Kerala,May,01-05-25,5,2657515,97276,2754791,24.09,87.44765029,7.91E-06,3.16E-05,21.01330568,3.076694316,87.2283341,12.7716659,100,33.18333333,-27.40331492,0.725966851,Medical,-3.97,2
Kerala,June,01-06-25,6,3315639,195217,3510856,40.14,114.3310919,9.80E-06,3.92E-05,32.4885932,7.651406801,80.9381993,19.0618007,100,33.18333333,20.96433953,1.209643395,Adventure,-1.86,2
Kerala,July,01-07-25,7,2038398,199461,2237859,19.59,87.53902726,6.91E-06,2.76E-05,14.07926997,5.510730029,71.86967826,28.13032174,100,33.18333333,-40.96433953,0.590356605,Leisure,11.39,3
Kerala,August,01-08-25,8,2046460,105334,2151794,41.58,193.2341107,1.68E-05,6.74E-05,34.48089178,7.099108225,82.92662765,17.07337235,100,33.18333333,25.3038674,1.253038674,Business,8.84,3
Kerala,September,01-09-25,9,849950,13198,863148,13.47,156.056667,1.49E-05,5.97E-05,12.68227965,0.787720345,94.15203901,5.84796099,100,33.18333333,-59.407333,0.40592667,Medical,11.24,3
Kerala,October,01-10-25,10,1045819,114752,1160571,13.11,112.961637,8.71E-06,3.48E-05,9.111138417,3.998861583,69.49762331,30.50237669,100,33.18333333,-60.49221497,0.39507785,Business,-4.76,4
Kerala,November,01-11-25,11,4002187,131300,4133487,77.45,187.3720662,1.71E-05,6.84E-05,68.46540469,8.984595309,88.3994896,11.6005104,100,33.18333333,133.4003014,2.334003014,Medical,5.96,4
Kerala,December,01-12-25,12,2641380,115198,2756578,36.39,132.0115012,1.17E-05,4.69E-05,30.9846837,5.405316301,85.14614921,14.85385079,100,33.18333333,9.663485686,1.096634857,Medical,12.07,4
Ladakh,January,01-01-25,1,3645491,49562,3695053,38.91,105.3029551,1.01E-05,4.05E-05,36.90314426,2.006855741,94.8423137,5.157686305,100,36.215,7.441667817,1.074416678,Adventure,0.44,1
Ladakh,February,01-02-25,2,4981522,42401,5023923,93.64,186.388207,1.82E-05,7.27E-05,90.55684526,3.083154743,96.70743833,3.292561665,100,36.215,158.5668922,2.585668922,Medical,6.74,1
Ladakh,March,01-03-25,3,308279,55886,364165,3.52,96.65948128,6.62E-06,2.65E-05,2.040419613,1.479580387,57.96646629,42.03353371,100,36.215,-90.28027061,0.097197294,Medical,11.9,1
Ladakh,April,01-04-25,4,83667,67867,151534,2.54,167.6191482,7.15E-06,2.86E-05,0.598403931,1.941596069,23.55920988,76.44079012,100,36.215,-92.98633163,0.070136684,Leisure,0.73,2
Ladakh,May,01-05-25,5,1036524,62828,1099352,10.7,97.33006353,8.31E-06,3.32E-05,8.6119714,2.0880286,80.48571402,19.51428598,100,36.215,-70.45423167,0.295457683,Medical,-2.3,2
Ladakh,June,01-06-25,6,3369003,2236,3371239,30.78,91.30174396,9.11E-06,3.64E-05,30.69850188,0.081498117,99.73522379,0.264776209,100,36.215,-15.00759354,0.849924065,Leisure,2.63,2
Ladakh,July,01-07-25,7,4104907,183879,4288786,40.18,93.68618532,8.30E-06,3.32E-05,34.07453507,6.105464931,84.80471645,15.19528355,100,36.215,10.948502,1.10948502,Medical,9.14,3
Ladakh,August,01-08-25,8,736199,68462,804661,11.71,145.5271226,1.16E-05,4.64E-05,8.535137761,3.174862239,72.8875983,27.1124017,100,36.215,-67.66533204,0.32334668,Adventure,8.2,3
Ladakh,September,01-09-25,9,1037904,21303,1059207,19.09,180.2291714,1.70E-05,6.80E-05,17.64162149,1.448378511,92.41289413,7.587105873,100,36.215,-47.28703576,0.527129642,Religious,-4.07,3
Ladakh,October,01-10-25,10,2253119,96064,2349183,28.19,119.9991657,1.07E-05,4.28E-05,24.08281894,4.107181057,85.43036163,14.56963837,100,36.215,-22.15932625,0.778406738,Religious,7.73,4
Ladakh,November,01-11-25,11,4871719,50506,4922225,56.65,115.0902285,1.12E-05,4.47E-05,54.39433597,2.255664033,96.01824531,3.981754693,100,36.215,56.42689493,1.564268949,Religious,8.72,4
Ladakh,December,01-12-25,12,3826038,140787,3966825,98.67,248.7379705,2.25E-05,8.99E-05,86.01029199,12.65970801,87.16964831,12.83035169,100,36.215,172.4561646,2.724561646,Medical,9.46,4
Lakshadweep,January,01-01-25,1,2540430,108230,2648660,34.52,130.3300537,1.16E-05,4.64E-05,29.49388521,5.026114786,85.43999193,14.56000807,100,36.5925,-5.663728906,0.943362711,Business,10.48,1
Lakshadweep,February,01-02-25,2,1539515,75660,1615175,22.84,141.4088257,1.24E-05,4.96E-05,19.08771119,3.752288814,83.571415,16.428585,100,36.5925,-37.58283801,0.62417162,Religious,-4.21,1
Lakshadweep,March,01-03-25,3,1605857,194927,1800784,24.69,137.106949,1.03E-05,4.14E-05,16.62021757,8.069782429,67.31558352,32.68441648,100,36.5925,-32.5271572,0.674728428,Adventure,-2.98,1
Lakshadweep,April,01-04-25,4,4814212,83959,4898171,93.76,191.4183886,1.82E-05,7.28E-05,87.64588546,6.11411454,93.4789734,6.5210266,100,36.5925,156.227369,2.56227369,Business,8.96,2
Lakshadweep,May,01-05-25,5,1141520,81059,1222579,12.54,102.5700589,8.56E-06,3.42E-05,9.766059835,2.773940165,77.87926503,22.12073497,100,36.5925,-65.73068252,0.342693175,Business,7.1,2
Lakshadweep,June,01-06-25,6,1001628,164666,1166294,11.81,101.2609171,7.11E-06,2.85E-05,7.124786893,4.685213107,60.32842416,39.67157584,100,36.5925,-67.72562684,0.322743732,Business,14.13,2
Lakshadweep,July,01-07-25,7,3835274,98395,3933669,35.27,89.66183988,8.34E-06,3.34E-05,31.98741644,3.282583556,90.6929868,9.3070132,100,36.5925,-3.614128578,0.963858714,Medical,9.35,3
Lakshadweep,August,01-08-25,8,2469846,150590,2620436,47.82,182.4887156,1.56E-05,6.23E-05,38.44404826,9.375951743,80.39324186,19.60675814,100,36.5925,30.68251691,1.306825169,Business,3.9,3
Lakshadweep,September,01-09-25,9,1907612,91768,1999380,31.24,156.248437,1.37E-05,5.49E-05,26.19871546,5.041284539,83.86272555,16.13727445,100,36.5925,-14.62731434,0.853726857,Adventure,8.91,3
Lakshadweep,October,01-10-25,10,3740807,80218,3821025,41.68,109.0806786,1.03E-05,4.10E-05,38.38728658,3.292713422,92.10001578,7.899984218,100,36.5925,13.90312222,1.139031222,Business,1.26,4
Lakshadweep,November,01-11-25,11,3160541,118771,3279312,38.69,117.9820645,1.06E-05,4.26E-05,33.63419805,5.055801949,86.93253567,13.06746433,100,36.5925,5.732048917,1.057320489,Medical,-1.86,4
Lakshadweep,December,01-12-25,12,3755608,195538,3951146,44.25,111.9928244,9.75E-06,3.90E-05,36.62283902,7.627160978,82.76347802,17.23652198,100,36.5925,20.92641935,1.209264193,Adventure,12.02,4
Madhya Pradesh,January,01-01-25,1,283465,104560,388025,4.22,108.7558791,6.01E-06,2.41E-05,1.704736748,2.515263252,40.39660541,59.60339459,100,37.56583333,-88.7663879,0.112336121,Leisure,13.75,1
Madhya Pradesh,February,01-02-25,2,3156277,53308,3209585,78.65,245.0472569,2.33E-05,9.34E-05,73.67280694,4.977193057,93.67171894,6.328281064,100,37.56583333,109.3657801,2.093657801,Medical,2.08,1
Madhya Pradesh,March,01-03-25,3,4920832,174642,5095474,65.07,127.7015642,1.16E-05,4.63E-05,56.98091224,8.08908776,87.56863722,12.43136278,100,37.56583333,73.21590985,1.732159098,Religious,7.05,1
Madhya Pradesh,April,01-04-25,4,4164505,116827,4281332,51.56,120.4298102,1.11E-05,4.45E-05,46.35806277,5.201937228,89.9109053,10.0890947,100,37.56583333,37.25237916,1.372523792,Leisure,-1.07,2
Madhya Pradesh,May,01-05-25,5,503083,193269,696352,5.29,75.96732687,4.15E-06,1.66E-05,2.085405557,3.204594443,39.42165514,60.57834486,100,37.56583333,-85.91805497,0.14081945,Business,11.35,2
Madhya Pradesh,June,01-06-25,6,1715472,39814,1755286,11.76,66.99762888,6.27E-06,2.51E-05,10.76100145,0.998998553,91.50511434,8.494885658,100,37.56583333,-68.69495774,0.313050423,Leisure,3.72,2
Madhya Pradesh,July,01-07-25,7,1465932,148936,1614868,35.89,222.2472673,1.74E-05,6.96E-05,25.51918899,10.37081101,71.10389799,28.89610201,100,37.56583333,-4.461057255,0.955389427,Adventure,9.58,3
Madhya Pradesh,August,01-08-25,8,2612681,4712,2617393,61.15,233.6294168,2.32E-05,9.29E-05,60.71202071,0.437979289,99.28376241,0.716237594,100,37.56583333,62.78089576,1.627808958,Religious,13.33,3
Madhya Pradesh,September,01-09-25,9,495339,98652,593991,12.96,218.185124,1.46E-05,5.83E-05,7.213455902,5.746544098,55.65938196,44.34061804,100,37.56583333,-65.50056567,0.344994343,Adventure,0.43,3
Madhya Pradesh,October,01-10-25,10,3946521,126028,4072549,59.11,145.1425139,1.33E-05,5.31E-05,52.41475905,6.695240951,88.67325165,11.32674835,100,37.56583333,57.35042925,1.573504292,Leisure,7.77,4
Madhya Pradesh,November,01-11-25,11,2598869,60426,2659295,41.41,155.7179628,1.46E-05,5.83E-05,37.8864283,3.523571702,91.49101255,8.508987447,100,37.56583333,10.23314625,1.102331463,Business,10.03,4
Madhya Pradesh,December,01-12-25,12,980342,73724,1054066,23.72,225.0333471,1.86E-05,7.44E-05,18.23480185,5.485198151,76.87521859,23.12478141,100,37.56583333,-36.8575168,0.631424832,Adventure,3.22,4
Maharashtra,January,01-01-25,1,823202,99420,922622,7.5,81.29006245,6.14E-06,2.46E-05,5.057012062,2.442987938,67.42682749,32.57317251,100,47.35666667,-84.16273668,0.158372633,Religious,5.48,1
Maharashtra,February,01-02-25,2,4729256,137698,4866954,111.29,228.6645816,2.11E-05,8.43E-05,99.68070371,11.60929629,89.56842817,10.43157183,100,47.35666667,135.0038713,2.350038713,Adventure,-3.81,1
Maharashtra,March,01-03-25,3,346475,133046,479521,9.44,196.8631197,1.07E-05,4.30E-05,3.722404255,5.717595745,39.43224846,60.56775154,100,47.35666667,-80.06616457,0.199338354,Business,-4.58,1
Maharashtra,April,01-04-25,4,4095643,94681,4190324,98,233.8721302,2.19E-05,8.76E-05,89.70498263,8.295017373,91.53569656,8.464303442,100,47.35666667,106.9402407,2.069402407,Leisure,-4.44,2
Maharashtra,May,01-05-25,5,2231016,117627,2348643,31.88,135.7379559,1.18E-05,4.72E-05,26.32765435,5.552345654,82.58360836,17.41639164,100,47.35666667,-32.68107271,0.673189273,Adventure,3.56,2
Maharashtra,June,01-06-25,6,701824,182922,884746,15.06,170.2183452,1.05E-05,4.20E-05,7.373129377,7.686870623,48.9583624,51.0416376,100,47.35666667,-68.19877525,0.318012247,Medical,-3.9,2
Maharashtra,July,01-07-25,7,2906814,141491,3048305,66.64,218.6132949,1.92E-05,7.68E-05,55.77957617,10.86042383,83.70284539,16.29715461,100,47.35666667,40.71936369,1.407193637,Adventure,5.79,3
Maharashtra,August,01-08-25,8,4525959,87342,4613301,74.06,160.5358072,1.52E-05,6.08E-05,68.752829,5.307171002,92.8339576,7.166042401,100,47.35666667,56.38769621,1.563876962,Religious,3.68,3
Maharashtra,September,01-09-25,9,812898,73448,886346,12.48,140.8028016,1.13E-05,4.51E-05,9.166945613,3.313054387,73.45308984,26.54691016,100,47.35666667,-73.64679383,0.263532062,Medical,11.36,3
Maharashtra,October,01-10-25,10,2590285,153902,2744187,20.65,75.24997385,6.44E-06,2.58E-05,16.68470696,3.96529304,80.7976124,19.2023876,100,47.35666667,-56.39473499,0.43605265,Religious,1.06,4
Maharashtra,November,01-11-25,11,3451092,152253,3603345,83.33,231.2573456,2.05E-05,8.21E-05,70.83057389,12.49942611,85.00008867,14.99991133,100,47.35666667,75.96255367,1.759625537,Medical,14.37,4
Maharashtra,December,01-12-25,12,1976810,197494,2174304,37.95,174.538611,1.37E-05,5.49E-05,27.11447127,10.83552873,71.44788213,28.55211787,100,47.35666667,-19.8634476,0.801365524,Religious,3.93,4
Manipur,January,01-01-25,1,2968202,191720,3159922,56.22,177.915784,1.51E-05,6.02E-05,44.67701551,11.54298449,79.46818838,20.53181162,100,33.41916667,68.22681595,1.682268159,Medical,-0.76,1
Manipur,February,01-02-25,2,650862,153147,804009,16.09,200.1221379,1.27E-05,5.09E-05,8.288709154,7.801290846,51.51466223,48.48533777,100,33.41916667,-51.85397601,0.48146024,Business,12.38,1
Manipur,March,01-03-25,3,469813,149603,619416,13.78,222.4676147,1.29E-05,5.16E-05,6.06054262,7.71945738,43.98071567,56.01928433,100,33.41916667,-58.76617709,0.412338229,Medical,2.61,1
Manipur,April,01-04-25,4,3192436,68812,3261248,19.36,59.3637773,5.58E-06,2.23E-05,17.82329675,1.536703252,92.0624832,7.937516798,100,33.41916667,-42.06917188,0.579308281,Religious,12.23,2
Manipur,May,01-05-25,5,438844,71613,510457,12.09,236.8465904,1.67E-05,6.67E-05,7.315115429,4.774884571,60.50550396,39.49449604,100,33.41916667,-63.82315537,0.361768446,Leisure,9.5,2
Manipur,June,01-06-25,6,997191,177364,1174555,17.86,152.0575878,1.05E-05,4.19E-05,10.43556826,7.424431742,58.42983347,41.57016653,100,33.41916667,-46.55761414,0.534423859,Business,9.36,2
Manipur,July,01-07-25,7,4586601,196887,4783488,44.49,93.00744561,8.28E-06,3.31E-05,37.97026813,6.519731872,85.34562402,14.65437598,100,33.41916667,33.12719747,1.331271975,Business,2.43,3
Manipur,August,01-08-25,8,2488672,85929,2574601,23.2,90.11105022,8.19E-06,3.28E-05,20.38463318,2.815366821,87.86479818,12.13520182,100,33.41916667,-30.57875969,0.694212403,Adventure,10.62,3
Manipur,September,01-09-25,9,3174352,167834,3342186,75.47,225.810293,1.96E-05,7.85E-05,62.29531502,13.17468498,82.54314963,17.45685037,100,33.41916667,125.8284916,2.258284916,Religious,-0.3,3
Manipur,October,01-10-25,10,991424,122078,1113502,21.36,191.8272262,1.44E-05,5.77E-05,14.3112127,7.048787297,67.00005947,32.99994053,100,33.41916667,-36.0845822,0.639154178,Adventure,13.74,4
Manipur,November,01-11-25,11,3692317,133266,3825583,73.29,191.578643,1.73E-05,6.94E-05,64.04390821,9.246091787,87.38423825,12.61576175,100,33.41916667,119.3052889,2.193052889,Medical,11.29,4
Manipur,December,01-12-25,12,1763924,5763,1769687,27.82,157.2029404,1.56E-05,6.23E-05,27.46112185,0.358878149,98.70999946,1.290000537,100,33.41916667,-16.75435753,0.832456425,Business,7.46,4
Meghalaya,January,01-01-25,1,912950,133585,1046535,8.19,78.25825223,5.66E-06,2.26E-05,5.166248989,3.023751011,63.07996324,36.92003676,100,35.23333333,-76.75496689,0.232450331,Leisure,7.1,1
Meghalaya,February,01-02-25,2,887315,166182,1053497,7.04,66.82505978,4.54E-06,1.81E-05,4.024822508,3.015177492,57.17077426,42.82922574,100,35.23333333,-80.01892148,0.199810785,Adventure,9.84,1
Meghalaya,March,01-03-25,3,3919362,102756,4022118,73.2,181.993666,1.69E-05,6.76E-05,66.2521305,6.947869497,90.508375,9.491624996,100,35.23333333,107.7578051,2.077578051,Business,-3.09,1
Meghalaya,April,01-04-25,4,2304111,195309,2499420,20.8,83.21930688,6.74E-06,2.70E-05,15.53326378,5.266736221,74.67915278,25.32084722,100,35.23333333,-40.96499527,0.590350047,Business,2.01,2
Meghalaya,May,01-05-25,5,1321610,69628,1391238,19.82,142.4630437,1.24E-05,4.95E-05,16.37019565,3.449804352,82.59432718,17.40567282,100,35.23333333,-43.74645222,0.562535478,Medical,-0.43,2
Meghalaya,June,01-06-25,6,3583620,46733,3630353,42.72,117.6745071,1.13E-05,4.53E-05,40.602078,2.117922002,95.04231741,4.957682589,100,35.23333333,21.24881741,1.212488174,Religious,6.03,2
Meghalaya,July,01-07-25,7,2618734,21835,2640569,44.74,169.433179,1.65E-05,6.61E-05,43.29599233,1.444007666,96.77244599,3.227554014,100,35.23333333,26.9820246,1.269820246,Business,-0.18,3
Meghalaya,August,01-08-25,8,4631467,29126,4660593,47.67,102.2831215,1.00E-05,4.02E-05,46.50029073,1.169709267,97.54623607,2.453763934,100,35.23333333,35.29801325,1.352980132,Leisure,9.94,3
Meghalaya,September,01-09-25,9,1266750,145348,1412098,30.89,218.7525228,1.67E-05,6.69E-05,21.17256547,9.717434526,68.54181118,31.45818882,100,35.23333333,-12.32734153,0.876726585,Business,-3.86,3
Meghalaya,October,01-10-25,10,2515732,40312,2556044,53.98,211.1857229,2.02E-05,8.07E-05,50.72851249,3.251487512,93.9764959,6.023504098,100,35.23333333,53.20719016,1.532071902,Medical,10.71,4
Meghalaya,November,01-11-25,11,4556185,30116,4586301,68.42,149.1834051,1.46E-05,5.85E-05,66.65759558,1.762404422,97.42413852,2.575861477,100,35.23333333,94.19110691,1.941911069,Leisure,9.37,4
Meghalaya,December,01-12-25,12,952215,11441,963656,5.33,55.31019368,5.34E-06,2.14E-05,5.085583915,0.244416085,95.41433237,4.585667634,100,35.23333333,-84.87228004,0.1512772,Business,13.24,4
Mizoram,January,01-01-25,1,1224094,110546,1334640,22.03,165.063238,1.32E-05,5.29E-05,16.18384857,5.846151435,73.46277152,26.53722848,100,38.31083333,-42.49668284,0.575033172,Business,4.8,1
Mizoram,February,01-02-25,2,470935,96496,567431,6.25,110.1455507,7.29E-06,2.92E-05,3.434798096,2.815201904,54.95676954,45.04323046,100,38.31083333,-83.68607661,0.163139234,Religious,-4.45,1
Mizoram,March,01-03-25,3,3967302,71697,4038999,41.81,103.5157473,9.83E-06,3.93E-05,38.99139337,2.81860663,93.25853473,6.741465272,100,38.31083333,9.133621909,1.091336219,Business,2.5,1
Mizoram,April,01-04-25,4,272224,129453,401677,8.36,208.1274258,1.06E-05,4.23E-05,2.880618909,5.479381091,34.45716398,65.54283602,100,38.31083333,-78.17849607,0.218215039,Adventure,8.73,2
Mizoram,May,01-05-25,5,3045050,41548,3086598,38.51,124.7651946,1.20E-05,4.80E-05,36.51698486,1.993015139,94.82468154,5.175318459,100,38.31083333,0.519870359,1.005198704,Religious,1.73,2
Mizoram,June,01-06-25,6,3502071,130482,3632553,40.13,110.4732677,9.97E-06,3.99E-05,34.92498612,5.205013878,87.02961904,12.97038096,100,38.31083333,4.748439301,1.047484393,Medical,7.08,2
Mizoram,July,01-07-25,7,4157509,167475,4324984,64.6,149.3647144,1.34E-05,5.35E-05,55.63545194,8.964548063,86.12299061,13.87700939,100,38.31083333,68.62071216,1.686207122,Medical,5.25,3
Mizoram,August,01-08-25,8,2177470,71535,2249005,32.35,143.8413876,1.31E-05,5.25E-05,28.59265651,3.757343492,88.38533696,11.61466304,100,38.31083333,-15.55913253,0.844408675,Business,10.64,3
Mizoram,September,01-09-25,9,884621,70207,954828,18.29,191.5528242,1.57E-05,6.28E-05,13.88281949,4.407180512,75.90387911,24.09612089,100,38.31083333,-52.25893459,0.477410654,Adventure,-3.3,3
Mizoram,October,01-10-25,10,855355,25496,880851,6.7,76.06280744,7.00E-06,2.80E-05,5.986258264,0.713741736,89.34713827,10.65286173,100,38.31083333,-82.51147413,0.174885259,Adventure,-4.2,4
Mizoram,November,01-11-25,11,4735554,196021,4931575,114.3,231.771797,2.07E-05,8.28E-05,98.06328281,16.23671719,85.79464813,14.20535187,100,38.31083333,198.349031,2.98349031,Business,4.96,4
Mizoram,December,01-12-25,12,3806486,117616,3924102,66.4,169.2106882,1.55E-05,6.21E-05,59.09600776,7.303992237,89.00001169,10.99998831,100,38.31083333,73.31912209,1.733191221,Leisure,-3.98,4
Nagaland,January,01-01-25,1,1322976,21076,1344052,32.59,242.4757375,2.32E-05,9.26E-05,30.6376754,1.952324598,94.00943664,5.990563356,100,36.29,-10.19564618,0.898043538,Leisure,-4.16,1
Nagaland,February,01-02-25,2,1224645,101142,1325787,26.29,198.2973132,1.61E-05,6.45E-05,19.7616377,6.528362295,75.16788781,24.83211219,100,36.29,-27.5558005,0.724441995,Business,1.65,1
Nagaland,March,01-03-25,3,4171353,46423,4217776,42.83,101.5464074,9.83E-06,3.93E-05,41.00463709,1.825362915,95.73812068,4.261879324,100,36.29,18.02149352,1.180214935,Leisure,-1.18,1
Nagaland,April,01-04-25,4,3596943,72021,3668964,29.71,80.97653725,7.65E-06,3.06E-05,27.50693278,2.203067222,92.58476196,7.415238041,100,36.29,-18.13171673,0.818682833,Leisure,3.23,2
Nagaland,May,01-05-25,5,615649,24742,640391,9.45,147.5660963,1.32E-05,5.29E-05,8.141260353,1.308739647,86.15090321,13.84909679,100,36.29,-73.95976853,0.260402315,Religious,8.07,2
Nagaland,June,01-06-25,6,3041395,123882,3165277,75.63,238.9364343,2.14E-05,8.55E-05,65.03412821,10.59587179,85.98985615,14.01014385,100,36.29,108.4045192,2.084045192,Leisure,9.97,2
Nagaland,July,01-07-25,7,3074256,116128,3190384,77.32,242.3532716,2.18E-05,8.74E-05,67.17068593,10.14931407,86.87362381,13.12637619,100,36.29,113.0614494,2.130614494,Religious,5.49,3
Nagaland,August,01-08-25,8,229379,143417,372796,2.12,56.86756296,2.64E-06,1.06E-05,0.605547969,1.514452031,28.56358345,71.43641655,100,36.29,-94.15817029,0.058418297,Medical,-1.07,3
Nagaland,September,01-09-25,9,2375391,118607,2493998,33.8,135.5253693,1.19E-05,4.74E-05,28.17309303,5.626906972,83.35234624,16.64765376,100,36.29,-6.861394324,0.931386057,Business,4.95,3
Nagaland,October,01-10-25,10,3856185,191504,4047689,81.9,202.3376796,1.77E-05,7.09E-05,68.32709168,13.57290832,83.42746237,16.57253763,100,36.29,125.6820061,2.256820061,Leisure,13.66,4
Nagaland,November,01-11-25,11,699601,109339,808940,14.13,174.6730289,1.24E-05,4.97E-05,8.694578713,5.435421287,61.53275806,38.46724194,100,36.29,-61.0636539,0.389363461,Adventure,8.86,4
Nagaland,December,01-12-25,12,411556,182960,594516,9.71,163.3261342,8.49E-06,3.40E-05,3.495034756,6.214965244,35.99417874,64.00582126,100,36.29,-73.24331772,0.267566823,Business,10.12,4
Odisha,January,01-01-25,1,4985328,179236,5164564,46.61,90.24963191,8.17E-06,3.27E-05,40.74974643,5.860253569,87.42704662,12.57295338,100,50.46416667,-7.637432502,0.923625675,Medical,-1.94,1
Odisha,February,01-02-25,2,1233522,142290,1375812,10.75,78.13567551,5.96E-06,2.39E-05,7.355907198,3.394092802,68.4270437,31.5729563,100,50.46416667,-78.69775583,0.213022442,Adventure,0.02,1
Odisha,March,01-03-25,3,1870189,79759,1949948,43.21,221.5956528,1.97E-05,7.90E-05,36.91300195,6.296998052,85.426989,14.573011,100,50.46416667,-14.37488647,0.856251135,Leisure,5.58,1
Odisha,April,01-04-25,4,3258922,58884,3317806,72.07,217.2218629,2.06E-05,8.25E-05,67.21228544,4.857714564,93.25972726,6.74027274,100,50.46416667,42.8142081,1.428142081,Religious,-4.72,2
Odisha,May,01-05-25,5,3805561,31305,3836866,47.63,124.1377729,1.21E-05,4.85E-05,46.11268611,1.517313887,96.81437353,3.18562647,100,50.46416667,-5.616196311,0.943838037,Leisure,5.31,2
Odisha,June,01-06-25,6,4595729,168450,4764179,114.92,241.2167973,2.18E-05,8.72E-05,100.2254996,14.6945004,87.21327845,12.78672155,100,50.46416667,127.7259442,2.277259442,Leisure,9.74,2
Odisha,July,01-07-25,7,1844193,41175,1885368,21.15,112.1796912,1.05E-05,4.21E-05,19.4160077,1.733992303,91.80145483,8.198545169,100,50.46416667,-58.0890731,0.419109269,Leisure,8.77,3
Odisha,August,01-08-25,8,4339825,54324,4394149,43.3,98.54012688,9.50E-06,3.80E-05,41.23533751,2.064662492,95.23172635,4.768273653,100,50.46416667,-14.1965421,0.858034579,Religious,9.65,3
Odisha,September,01-09-25,9,4360338,87863,4448201,45.87,103.1203401,9.74E-06,3.89E-05,42.44856075,3.421439249,92.54100883,7.458991169,100,50.46416667,-9.103819542,0.908961805,Medical,3.7,3
Odisha,October,01-10-25,10,4172286,28526,4200812,30.18,71.84325316,7.04E-06,2.82E-05,29.3766063,0.8033937,97.33799304,2.662006957,100,50.46416667,-40.195188,0.59804812,Business,8.02,4
Odisha,November,01-11-25,11,3987717,17701,4005418,85.84,214.3097175,2.12E-05,8.46E-05,84.34245561,1.497544391,98.25542359,1.744576411,100,50.46416667,70.10089668,1.701008967,Business,5.61,4
Odisha,December,01-12-25,12,2244685,2660,2247345,44.04,195.9645715,1.95E-05,7.81E-05,43.83223145,0.207768548,99.52822764,0.471772361,100,50.46416667,-12.73015506,0.872698449,Medical,-3.6,4
Puducherry,January,01-01-25,1,3978554,77878,4056432,48.16,118.7250273,1.12E-05,4.49E-05,44.66298669,3.497013314,92.73875973,7.26124027,100,43.1825,11.52666011,1.115266601,Medical,6.82,1
Puducherry,February,01-02-25,2,470153,110472,580625,4.65,80.0861141,5.10E-06,2.04E-05,2.397053915,2.252946085,51.54954657,48.45045343,100,43.1825,-89.23174897,0.10768251,Adventure,0.02,1
Puducherry,March,01-03-25,3,378838,129269,508107,5.65,111.197051,6.31E-06,2.52E-05,2.389107325,3.260892675,42.2850854,57.7149146,100,43.1825,-86.91599606,0.130840039,Religious,6.16,1
Puducherry,April,01-04-25,4,4344935,167230,4512165,45.19,100.1514794,9.01E-06,3.61E-05,39.16100738,6.028992621,86.65856911,13.34143089,100,43.1825,4.648873965,1.04648874,Leisure,14.19,2
Puducherry,May,01-05-25,5,4928404,174336,5102740,109.5,214.5905925,1.95E-05,7.79E-05,95.92684173,13.57315827,87.60442167,12.39557833,100,43.1825,153.5749436,2.535749436,Medical,8.78,2
Puducherry,June,01-06-25,6,4527024,49946,4576970,103.01,225.0615582,2.18E-05,8.72E-05,98.65616336,4.353836636,95.77338449,4.226615509,100,43.1825,138.5457072,2.385457072,Business,4.92,2
Puducherry,July,01-07-25,7,3446608,93620,3540228,73.82,208.5176435,1.93E-05,7.73E-05,66.58538159,7.234618412,90.19964994,9.800350057,100,43.1825,70.94887975,1.709488798,Adventure,-3.21,3
Puducherry,August,01-08-25,8,766818,184246,951064,10.49,110.2975194,6.98E-06,2.79E-05,5.349055807,5.140944193,50.9919524,49.0080476,100,43.1825,-75.70775198,0.24292248,Adventure,6.04,3
Puducherry,September,01-09-25,9,1814562,72292,1886854,15.62,82.78329961,7.42E-06,2.97E-05,13.47295444,2.147045562,86.25450985,13.74549015,100,43.1825,-63.82793956,0.361720604,Religious,11.74,3
Puducherry,October,01-10-25,10,873741,21417,895158,20.7,231.2440932,2.16E-05,8.63E-05,18.85164586,1.848354143,91.07075293,8.929247068,100,43.1825,-52.06391478,0.479360852,Medical,-3.84,4
Puducherry,November,01-11-25,11,3291386,187462,3478848,60.38,173.5632025,1.49E-05,5.98E-05,49.17653536,11.20346464,81.44507346,18.55492654,100,43.1825,39.82516066,1.398251607,Leisure,2.11,4
Puducherry,December,01-12-25,12,890542,134451,1024993,21.02,205.0745712,1.47E-05,5.89E-05,13.10550304,7.914496964,62.34777848,37.65222152,100,43.1825,-51.32287385,0.486771262,Religious,0.89,4
Punjab,January,01-01-25,1,366330,111090,477420,5.94,124.4187508,7.33E-06,2.93E-05,2.684133516,3.255866484,45.18743293,54.81256707,100,26.56666667,-77.64115433,0.223588457,Leisure,-1.45,1
Punjab,February,01-02-25,2,1130132,16478,1146610,15.32,133.611254,1.28E-05,5.12E-05,14.47574022,0.844259776,94.48916595,5.51083405,100,26.56666667,-42.33375157,0.576662484,Medical,5.51,1
Punjab,March,01-03-25,3,2538873,16907,2555780,57.37,224.4715899,2.20E-05,8.80E-05,55.88148403,1.488515968,97.40541055,2.594589452,100,26.56666667,115.9473024,2.159473024,Business,-2.75,1
Punjab,April,01-04-25,4,728810,70324,799134,5.95,74.45559819,5.89E-06,2.36E-05,4.293034097,1.656965903,72.15183357,27.84816643,100,26.56666667,-77.60351317,0.223964868,Business,-2.66,2
Punjab,May,01-05-25,5,2232545,179442,2411987,35.59,147.5546925,1.21E-05,4.83E-05,26.93147356,8.658526441,75.67146265,24.32853735,100,26.56666667,33.96486826,1.339648683,Religious,3.87,2
Punjab,June,01-06-25,6,802834,119843,922677,12.98,140.6776152,1.01E-05,4.05E-05,8.127231755,4.852768245,62.6134958,37.3865042,100,26.56666667,-51.14178168,0.488582183,Business,-2.22,2
Punjab,July,01-07-25,7,2246210,44258,2290468,43.45,189.699223,1.79E-05,7.17E-05,40.27572339,3.17427661,92.69441517,7.305584832,100,26.56666667,63.55081556,1.635508156,Leisure,11,3
Punjab,August,01-08-25,8,3960475,17295,3977770,25.99,65.33811658,6.45E-06,2.58E-05,25.54381088,0.446189115,98.28322772,1.71677228,100,26.56666667,-2.1706399,0.978293601,Leisure,7.29,3
Punjab,September,01-09-25,9,2750795,92875,2843670,21.42,75.32519596,6.86E-06,2.74E-05,18.87138432,2.548615682,88.10170083,11.89829917,100,26.56666667,-19.37264743,0.806273526,Adventure,5.99,3
Punjab,October,01-10-25,10,1845436,20348,1865784,33.59,180.0315578,1.74E-05,6.97E-05,32.17110984,1.418890155,95.77585545,4.224144553,100,26.56666667,26.43663739,1.264366374,Business,-0.81,4
Punjab,November,01-11-25,11,2238123,49658,2287781,34.97,152.8555399,1.44E-05,5.74E-05,32.11942165,2.850578347,91.84850344,8.15149656,100,26.56666667,31.63111669,1.316311167,Business,-1.83,4
Punjab,December,01-12-25,12,1329231,161613,1490844,26.23,175.9406081,1.33E-05,5.31E-05,17.64743085,8.582569147,67.27956864,32.72043136,100,26.56666667,-1.267252196,0.987327478,Business,2.63,4
Rajasthan,January,01-01-25,1,2099636,50008,2149644,32.38,150.6295926,1.41E-05,5.63E-05,29.56349076,2.816509235,91.30170094,8.698299059,100,44.44083333,-27.13908005,0.728609199,Business,-2.45,1
Rajasthan,February,01-02-25,2,2112141,26254,2138395,17.54,82.02413492,7.91E-06,3.16E-05,16.70921506,0.830784938,95.26348382,4.736516178,100,44.44083333,-60.53179321,0.394682068,Adventure,-2.49,1
Rajasthan,March,01-03-25,3,4852893,27884,4880777,100.89,206.7088908,2.03E-05,8.13E-05,98.62330084,2.266699159,97.7532965,2.246703498,100,44.44083333,127.0209455,2.270209455,Leisure,-3.95,1
Rajasthan,April,01-04-25,4,1499646,46025,1545671,21.56,139.4863461,1.28E-05,5.12E-05,19.20263969,2.357360314,89.06604678,10.93395322,100,44.44083333,-51.48605824,0.485139418,Medical,13.9,2
Rajasthan,May,01-05-25,5,2975215,173304,3148519,69.9,222.0091414,1.91E-05,7.62E-05,56.69113812,13.20886188,81.10320189,18.89679811,100,44.44083333,57.28777963,1.572877796,Business,3.93,2
Rajasthan,June,01-06-25,6,2876418,166200,3042618,70.52,231.774084,1.99E-05,7.97E-05,57.28113812,13.23886188,81.22679824,18.77320176,100,44.44083333,58.68289299,1.58682893,Adventure,-1.88,2
Rajasthan,July,01-07-25,7,3857735,103531,3961266,38.16,96.33283905,8.93E-06,3.57E-05,34.46068037,3.699319626,90.30576618,9.694233822,100,44.44083333,-14.13302331,0.858669767,Adventure,6.01,3
Rajasthan,August,01-08-25,8,763640,16067,779707,15.23,195.3297841,1.84E-05,7.36E-05,14.04774105,1.182258947,92.23730173,7.762698271,100,44.44083333,-65.72971554,0.342702845,Business,8,3
Rajasthan,September,01-09-25,9,4732339,50211,4782550,70.6,147.6199935,1.43E-05,5.72E-05,67.72567192,2.874328076,95.92871377,4.071286226,100,44.44083333,58.86290761,1.588629076,Medical,5.75,3
Rajasthan,October,01-10-25,10,952699,69377,1022076,18.41,180.1235916,1.50E-05,5.99E-05,14.25710355,4.152896448,77.4421703,22.5578297,100,44.44083333,-58.57413415,0.414258659,Medical,-3.16,4
Rajasthan,November,01-11-25,11,1592339,111701,1704040,10.2,59.85774982,5.00E-06,2.00E-05,7.965041098,2.234958902,78.08863822,21.91136178,100,44.44083333,-77.04813516,0.229518648,Business,-4.48,4
Rajasthan,December,01-12-25,12,2783324,70324,2853648,67.9,237.9410495,2.22E-05,8.86E-05,61.66758019,6.232419811,90.82117848,9.178821518,100,44.44083333,52.78741398,1.52787414,Business,-2.12,4
Sikkim,January,01-01-25,1,843964,57336,901300,19.37,214.9117941,1.80E-05,7.22E-05,15.23102658,4.138973417,78.63204225,21.36795775,100,34.98583333,-44.63473311,0.553652669,Business,-0.2,1
Sikkim,February,01-02-25,2,1894076,167375,2061451,49.88,241.9654894,1.95E-05,7.78E-05,36.85340746,13.02659254,73.88413685,26.11586315,100,34.98583333,42.57199343,1.425719934,Adventure,14.91,1
Sikkim,March,01-03-25,3,2993185,177619,3170804,75.19,237.1322857,2.03E-05,8.12E-05,60.76624728,14.42375272,80.81692682,19.18307318,100,34.98583333,114.9155611,2.149155611,Leisure,-4.01,1
Sikkim,April,01-04-25,4,730375,40004,770379,9.34,121.2390265,1.05E-05,4.20E-05,7.661468389,1.678531611,82.02856947,17.97143053,100,34.98583333,-73.30347998,0.2669652,Medical,0.94,2
Sikkim,May,01-05-25,5,1675286,46559,1721845,17.42,101.1705467,9.36E-06,3.74E-05,15.67721581,1.742784195,89.99549831,10.00450169,100,34.98583333,-50.20841769,0.497915823,Religious,4.91,2
Sikkim,June,01-06-25,6,3324559,56973,3381532,70.97,209.8752873,2.00E-05,7.99E-05,66.41722918,4.552770817,93.58493615,6.415063853,100,34.98583333,102.853536,2.02853536,Adventure,14.63,2
Sikkim,July,01-07-25,7,2793678,58341,2852019,40.9,143.4071793,1.35E-05,5.40E-05,37.74689291,3.153107093,92.2906917,7.709308295,100,34.98583333,16.90446133,1.169044613,Leisure,10.49,3
Sikkim,August,01-08-25,8,3327356,55362,3382718,52.62,155.5553848,1.48E-05,5.93E-05,49.336473,3.283527002,93.75992588,6.240074121,100,34.98583333,50.40373485,1.504037348,Leisure,13.32,3
Sikkim,September,01-09-25,9,554128,160025,714153,14.77,206.8184269,1.24E-05,4.95E-05,6.853356779,7.916643221,46.40051983,53.59948017,100,34.98583333,-57.78291213,0.422170879,Religious,5.78,3
Sikkim,October,01-10-25,10,163606,94397,258003,4.88,189.1450875,9.02E-06,3.61E-05,1.475251536,3.404748464,30.23056427,69.76943573,100,34.98583333,-86.05149703,0.13948503,Adventure,11.52,4
Sikkim,November,01-11-25,11,1645330,8375,1653705,12.03,72.74574365,7.17E-06,2.87E-05,11.78994889,0.240051107,98.0045627,1.995437299,100,34.98583333,-65.61465355,0.343853464,Adventure,4.28,4
Sikkim,December,01-12-25,12,3135545,172838,3308383,52.46,158.566889,1.37E-05,5.48E-05,42.98278493,9.47721507,81.9343975,18.0656025,100,34.98583333,49.94640688,1.499464069,Medical,-1.32,4
Tamil Nadu,January,01-01-25,1,3441012,92828,3533840,69.37,196.3020397,1.82E-05,7.28E-05,62.61351408,6.756485923,90.26021923,9.739780774,100,52.51833333,32.08720764,1.320872076,Adventure,2.84,1
Tamil Nadu,February,01-02-25,2,3588599,1284,3589883,82.14,228.8096854,2.29E-05,9.14E-05,82.02260931,0.117390692,99.85708462,0.142915379,100,52.51833333,56.4025261,1.564025261,Adventure,8.24,1
Tamil Nadu,March,01-03-25,3,3425279,185372,3610651,38.15,105.6596165,9.16E-06,3.66E-05,31.36109935,6.788900651,82.20471651,17.79528349,100,52.51833333,-27.35870014,0.726412999,Adventure,11.34,1
Tamil Nadu,April,01-04-25,4,4245944,118042,4363986,66.57,152.5440274,1.41E-05,5.64E-05,59.90796575,6.662034254,89.99243765,10.00756235,100,52.51833333,26.75573609,1.267557361,Business,4.91,2
Tamil Nadu,May,01-05-25,5,224955,170032,394987,2.42,61.26783919,2.67E-06,1.07E-05,0.601481964,1.818518036,24.85462659,75.14537341,100,52.51833333,-95.3920853,0.046079147,Adventure,-3.34,2
Tamil Nadu,June,01-06-25,6,4429980,134283,4564263,35.3,77.339978,7.11E-06,2.84E-05,31.48273967,3.817260332,89.18623136,10.81376864,100,52.51833333,-32.78537654,0.672146235,Business,5.08,2
Tamil Nadu,July,01-07-25,7,3950099,192627,4142726,103.54,249.9320496,2.19E-05,8.77E-05,86.63997034,16.90002966,83.67777703,16.32222297,100,52.51833333,97.15020152,1.971502015,Adventure,12.63,3
Tamil Nadu,August,01-08-25,8,3352888,44590,3397478,56.64,166.7118963,1.60E-05,6.42E-05,53.77916712,2.860832884,94.94909448,5.050905516,100,52.51833333,7.848053061,1.078480531,Business,2.76,3
Tamil Nadu,September,01-09-25,9,3327290,185289,3512579,62.82,178.8429527,1.54E-05,6.18E-05,51.37596955,11.44403045,81.78282322,18.21717678,100,52.51833333,19.61537241,1.196153724,Religious,0.88,3
Tamil Nadu,October,01-10-25,10,1257837,107632,1365469,8.96,65.6184798,5.31E-06,2.12E-05,6.675226933,2.284773067,74.50030059,25.49969941,100,52.51833333,-82.93929104,0.17060709,Adventure,2.73,4
Tamil Nadu,November,01-11-25,11,4869094,168682,5037776,99.35,197.2100387,1.79E-05,7.17E-05,87.25830102,12.09169898,87.82919076,12.17080924,100,52.51833333,89.17203516,1.891720352,Medical,8.82,4
Tamil Nadu,December,01-12-25,12,622282,7778,630060,4.96,78.72266133,7.59E-06,3.04E-05,4.723824706,0.236175294,95.23840133,4.761598668,100,52.51833333,-90.55567897,0.09444321,Business,2.09,4
Telangana,January,01-01-25,1,4534852,16015,4550867,112.52,247.24959,2.45E-05,9.79E-05,110.952666,1.567334013,98.60706184,1.392938156,100,32.00083333,251.6158433,3.516158433,Religious,-1.85,1
Telangana,February,01-02-25,2,3810886,172851,3983737,87.36,219.2915848,1.94E-05,7.76E-05,73.94437074,13.41562926,84.64328153,15.35671847,100,32.00083333,172.9928908,2.729928908,Adventure,0.76,1
Telangana,March,01-03-25,3,2292145,18628,2310773,48.99,212.0069778,2.07E-05,8.28E-05,47.4475953,1.5424047,96.85159277,3.148407226,100,32.00083333,53.08976329,1.530897633,Leisure,1.71,1
Telangana,April,01-04-25,4,4111698,152621,4264319,23.95,56.16371571,5.07E-06,2.03E-05,20.85374242,3.096257578,87.07199341,12.92800659,100,32.00083333,-25.15819901,0.74841801,Adventure,14.02,2
Telangana,May,01-05-25,5,4176120,8022,4184142,31.46,75.18865278,7.48E-06,2.99E-05,31.2201144,0.239885595,99.23749016,0.762509838,100,32.00083333,-1.690060155,0.983099398,Business,-1.05,2
Telangana,June,01-06-25,6,212061,123140,335201,7.4,220.7630645,1.05E-05,4.20E-05,2.227085767,5.172914233,30.0957536,69.9042464,100,32.00083333,-76.8756022,0.231243978,Medical,9.42,2
Telangana,July,01-07-25,7,60961,73428,134389,3.11,231.41775,8.77E-06,3.51E-05,0.534545088,2.575454912,17.18794495,82.81205505,100,32.00083333,-90.28150309,0.097184969,Business,6.8,3
Telangana,August,01-08-25,8,456505,121216,577721,8.46,146.4374672,8.99E-06,3.59E-05,4.102570087,4.357429913,48.49373625,51.50626375,100,32.00083333,-73.56318846,0.264368115,Adventure,-3.49,3
Telangana,September,01-09-25,9,140896,136141,277037,2.69,97.09894346,3.92E-06,1.57E-05,0.552928311,2.137071689,20.5549558,79.4450442,100,32.00083333,-91.59396891,0.084060311,Religious,0.82,3
Telangana,October,01-10-25,10,540290,176122,716412,14.4,201.0016583,1.16E-05,4.63E-05,6.250251852,8.149748148,43.40452675,56.59547325,100,32.00083333,-55.00117184,0.449988282,Medical,14.2,4
Telangana,November,01-11-25,11,63585,49814,113399,1.74,153.4405065,6.62E-06,2.65E-05,0.420930905,1.319069095,24.19143132,75.80856868,100,32.00083333,-94.5626416,0.054373584,Medical,8.51,4
Telangana,December,01-12-25,12,3443146,21876,3465022,41.93,121.0093327,1.19E-05,4.75E-05,40.89080248,1.039197519,97.52158951,2.478410491,100,32.00083333,31.02783782,1.310278378,Medical,-1.16,4
Tripura,January,01-01-25,1,916992,35513,952505,13.99,146.8758694,1.32E-05,5.28E-05,12.11348922,1.876510778,86.58677071,13.41322929,100,43.09333333,-67.53558168,0.324644183,Medical,11.82,1
Tripura,February,01-02-25,2,107173,71195,178368,2.53,141.8415859,6.45E-06,2.58E-05,0.691786235,1.838213765,27.34332943,72.65667057,100,43.09333333,-94.12902228,0.058709777,Adventure,-0.23,1
Tripura,March,01-03-25,3,3055182,33873,3089055,16.39,53.05829776,5.14E-06,2.05E-05,15.6939985,0.696001497,95.7534991,4.246500896,100,43.09333333,-61.96627475,0.380337252,Adventure,4.03,1
Tripura,April,01-04-25,4,768718,82166,850884,19.56,229.8785733,1.78E-05,7.13E-05,13.70181403,5.858185974,70.05017396,29.94982604,100,43.09333333,-54.61014851,0.453898515,Medical,13.88,2
Tripura,May,01-05-25,5,1586440,53308,1639748,37.5,228.6936773,2.08E-05,8.33E-05,33.05685703,4.443142973,88.15161874,11.84838126,100,43.09333333,-12.97957921,0.870204208,Business,-3.98,2
Tripura,June,01-06-25,6,545880,128222,674102,12.76,189.2888613,1.21E-05,4.82E-05,6.578805555,6.181194445,51.55803727,48.44196273,100,43.09333333,-70.38985149,0.296101485,Leisure,4.09,2
Tripura,July,01-07-25,7,3524548,189523,3714071,60.82,163.7556202,1.42E-05,5.68E-05,50.05394088,10.76605912,82.29848878,17.70151122,100,43.09333333,41.1355198,1.411355198,Religious,9.45,3
Tripura,August,01-08-25,8,4416121,117324,4533445,77.33,170.5766806,1.58E-05,6.33E-05,69.9016352,7.428364801,90.39394181,9.606058193,100,43.09333333,79.4477104,1.794477104,Business,12.65,3
Tripura,September,01-09-25,9,4760813,176732,4937545,90.13,182.5401085,1.65E-05,6.59E-05,78.47703022,11.65296978,87.07093112,12.92906888,100,43.09333333,109.1506807,2.091506807,Adventure,-2.56,3
Tripura,October,01-10-25,10,4525901,132642,4658543,62.79,134.7846312,1.24E-05,4.97E-05,56.20153585,6.588464148,89.50714421,10.49285579,100,43.09333333,45.70699257,1.457069926,Religious,-4.2,4
Tripura,November,01-11-25,11,3205116,127482,3332598,78.81,236.482168,2.12E-05,8.49E-05,67.9925169,10.8174831,86.27397145,13.72602855,100,43.09333333,82.88211634,1.828821163,Business,2.4,4
Tripura,December,01-12-25,12,2195864,91070,2286934,44.51,194.627392,1.74E-05,6.95E-05,38.17672234,6.333277659,85.77111287,14.22888713,100,43.09333333,3.287438119,1.032874381,Business,5.8,4
Uttar Pradesh,January,01-01-25,1,3499229,172142,3671371,79.2,215.7232271,1.89E-05,7.56E-05,66.17773899,13.02226101,83.55775125,16.44224875,100,34.44666667,129.9206503,2.299206503,Business,3.26,1
Uttar Pradesh,February,01-02-25,2,1313105,77829,1390934,33.22,238.8323242,2.05E-05,8.18E-05,26.85347462,6.366525377,80.83526376,19.16473624,100,34.44666667,-3.561060577,0.964389394,Business,10.87,1
Uttar Pradesh,March,01-03-25,3,1538655,76091,1614746,37.38,231.4915163,2.03E-05,8.11E-05,31.20690774,6.173092258,83.48557448,16.51442552,100,34.44666667,8.51557964,1.085155796,Medical,-3.28,1
Uttar Pradesh,April,01-04-25,4,484310,36457,520767,12.3,236.1900812,1.95E-05,7.81E-05,9.453505423,2.846494577,76.85776766,23.14223234,100,34.44666667,-64.29262628,0.357073737,Leisure,7.25,2
Uttar Pradesh,May,01-05-25,5,3529542,143107,3672649,62.78,170.9392866,1.53E-05,6.12E-05,54.01908029,8.760919714,86.04504665,13.95495335,100,34.44666667,82.25275789,1.822527579,Adventure,4.57,2
Uttar Pradesh,June,01-06-25,6,561608,132672,694280,15.44,222.3886616,1.41E-05,5.65E-05,7.938532705,7.501467295,51.41536726,48.58463274,100,34.44666667,-55.17708535,0.448229147,Leisure,4.44,2
Uttar Pradesh,July,01-07-25,7,1985834,109180,2095014,49.16,234.6523699,2.03E-05,8.12E-05,40.29780118,8.86219882,81.97274447,18.02725553,100,34.44666667,42.71337333,1.427133733,Adventure,1.39,3
Uttar Pradesh,August,01-08-25,8,1595488,26457,1621945,14.54,89.64545654,8.55E-06,3.42E-05,13.63555948,0.904440515,93.77963882,6.220361179,100,34.44666667,-57.78982001,0.4221018,Business,1.52,3
Uttar Pradesh,September,01-09-25,9,950513,59886,1010399,20.65,204.3747074,1.74E-05,6.94E-05,16.49340616,4.156593844,79.87121625,20.12878375,100,34.44666667,-40.05225469,0.599477453,Medical,-0.67,3
Uttar Pradesh,October,01-10-25,10,4896100,39376,4935476,55.72,112.8969121,1.10E-05,4.41E-05,53.98339324,1.736606762,96.88333316,3.116666838,100,34.44666667,61.75730598,1.61757306,Medical,14.37,4
Uttar Pradesh,November,01-11-25,11,1676530,24897,1701427,16.17,95.03787115,9.10E-06,3.64E-05,15.26333842,0.906661584,94.39294011,5.607059891,100,34.44666667,-53.05786723,0.469421328,Religious,-1.77,4
Uttar Pradesh,December,01-12-25,12,1398578,14895,1413473,16.8,118.8561791,1.15E-05,4.61E-05,16.11355587,0.68644413,95.91402303,4.085976965,100,34.44666667,-51.22895297,0.48771047,Leisure,11.47,4
Uttarakhand,January,01-01-25,1,3262363,155255,3417618,48.01,140.4779586,1.24E-05,4.95E-05,40.33237196,7.677628037,84.0082732,15.9917268,100,41.19916667,16.53148324,1.165314832,Adventure,-0.91,1
Uttarakhand,February,01-02-25,2,1088230,116479,1204709,16.73,138.8717109,1.08E-05,4.31E-05,11.71452869,5.015471314,70.02109197,29.97890803,100,41.19916667,-59.39238253,0.406076175,Religious,2.88,1
Uttarakhand,March,01-03-25,3,4250452,49579,4300031,102.24,237.7657277,2.30E-05,9.19E-05,97.6823724,4.557627604,95.54222652,4.457773478,100,41.19916667,148.1603592,2.481603592,Medical,-1.79,1
Uttarakhand,April,01-04-25,4,669420,38286,707706,10.61,149.9210124,1.29E-05,5.16E-05,8.634642654,1.975357346,81.38211738,18.61788262,100,41.19916667,-74.24705192,0.257529481,Leisure,4.48,2
Uttarakhand,May,01-05-25,5,2771240,51811,2823051,57.34,203.1135817,1.93E-05,7.70E-05,53.35026195,3.989738055,93.04196363,6.95803637,100,41.19916667,39.17757236,1.391775724,Leisure,2.49,2
Uttarakhand,June,01-06-25,6,2983105,65865,3048970,32.52,106.6589701,1.00E-05,4.01E-05,29.88098948,2.639010523,91.88496149,8.11503851,100,41.19916667,-21.06636461,0.789336354,Adventure,-3.88,2
Uttarakhand,July,01-07-25,7,347906,152156,500062,5.4,107.9866097,5.65E-06,2.26E-05,1.964070547,3.435929453,36.37167679,63.62832321,100,41.19916667,-86.89293877,0.131070612,Medical,6.34,3
Uttarakhand,August,01-08-25,8,4282449,136063,4418512,33.34,75.45526639,6.91E-06,2.76E-05,29.5806286,3.759371397,88.72414098,11.27585902,100,41.19916667,-19.07603309,0.809239669,Business,5.29,3
Uttarakhand,September,01-09-25,9,3215236,66853,3282089,72.57,221.1091777,2.08E-05,8.34E-05,66.9977777,5.572222298,92.32158978,7.678410221,100,41.19916667,76.14433949,1.761443395,Religious,-1.51,3
Uttarakhand,October,01-10-25,10,4010670,88017,4098687,37.43,91.32192822,8.58E-06,3.43E-05,34.40944153,3.020558475,91.93011361,8.069886388,100,41.19916667,-9.148647829,0.908513522,Medical,-1.85,4
Uttarakhand,November,01-11-25,11,4145974,83520,4229494,61.68,145.8330476,1.38E-05,5.51E-05,57.08048973,4.599510274,92.54294703,7.457052973,100,41.19916667,49.71176601,1.49711766,Business,1.25,4
Uttarakhand,December,01-12-25,12,519379,192823,712202,16.52,231.956664,1.28E-05,5.12E-05,6.647814261,9.872185739,40.24100642,59.75899358,100,41.19916667,-59.90210158,0.400978984,Leisure,2.29,4
West Bengal,January,01-01-25,1,1997948,182452,2180400,20.89,95.8081086,7.66E-06,3.06E-05,15.30090438,5.589095623,73.2451143,26.7548857,100,36.3975,-42.60594821,0.573940518,Adventure,7.45,1
West Bengal,February,01-02-25,2,4422782,173959,4596741,40.69,88.51923569,7.95E-06,3.18E-05,35.15851341,5.531486593,86.40578375,13.59421625,100,36.3975,11.7933924,1.117933924,Medical,0.59,1
West Bengal,March,01-03-25,3,1126311,36781,1163092,27.66,237.8143775,2.17E-05,8.69E-05,24.46435213,3.195647866,88.44668161,11.55331839,100,36.3975,-24.00576963,0.759942304,Leisure,-0.59,1
West Bengal,April,01-04-25,4,180810,63445,244255,1.77,72.46525148,4.07E-06,1.63E-05,0.736403737,1.033596263,41.6047309,58.3952691,100,36.3975,-95.13702864,0.048629714,Business,0,2
West Bengal,May,01-05-25,5,2834869,105602,2940471,51.5,175.1420096,1.58E-05,6.32E-05,44.82141172,6.678588281,87.03186742,12.96813258,100,36.3975,41.49323443,1.414932344,Medical,13.46,2
West Bengal,June,01-06-25,6,70153,143284,213437,1.72,80.58584032,2.67E-06,1.07E-05,0.187572242,1.532427758,10.90536291,89.09463709,100,36.3975,-95.27440071,0.047255993,Adventure,8.02,2
West Bengal,July,01-07-25,7,438795,121075,559870,13.99,249.8794363,1.52E-05,6.06E-05,6.650173655,7.339826345,47.5351941,52.4648059,100,36.3975,-61.56329418,0.384367058,Medical,4.02,3
West Bengal,August,01-08-25,8,1667393,84612,1752005,30.1,171.8031627,1.50E-05,6.00E-05,25.02119026,5.078809736,83.12687795,16.87312205,100,36.3975,-17.3020125,0.826979875,Business,11.6,3
West Bengal,September,01-09-25,9,4530240,141172,4671412,116.15,248.6400258,2.28E-05,9.12E-05,103.276705,12.87329501,88.91666379,11.08333621,100,36.3975,219.1153239,3.191153239,Business,0.07,3
West Bengal,October,01-10-25,10,4955630,18550,4974180,52.09,104.7207781,1.04E-05,4.14E-05,51.32156886,0.76843114,98.52480104,1.475198963,100,36.3975,43.11422488,1.431142249,Adventure,2.76,4
West Bengal,November,01-11-25,11,4029483,178343,4207826,67.34,160.0351345,1.42E-05,5.68E-05,57.21140225,10.12859775,84.9590173,15.0409827,100,36.3975,85.01270692,1.850127069,Business,13.65,4
West Bengal,December,01-12-25,12,505555,188170,693725,12.87,185.5201989,1.02E-05,4.09E-05,5.171126896,7.698873104,40.17969616,59.82030384,100,36.3975,-64.6404286,0.353595714,Adventure,3.24,4
